Leaf_Length;Leaf_Width;Color_Intensity;Vein_Density;Symmetry_Score;Leaf_Type
5.077645812796907;2.194304495804388;0.7629886128419703;1.5795529170568365;0.4958143751447062;0
10.090616328430212;4.849377617346106;1.535383147660163;2.4654847315688047;2.3986382209740365;1
2.6735315987314845;1.9023242563566234;0.32455150523743265;0.3986875265311164;0.9444946072520755;2
9.177859887259233;7.01256627269176;0.10706012142839927;3.7755657604213892;1.241755489497348;1
3.422703923894834;2.4734340124253116;0.35029597675761653;1.846275487122102;0.7458576775756984;2
7.011249389716525;6.581562750100092;-0.9017393329903759;4.952855676895491;0.6444784363431821;3
9.971486814162013;4.707894547275592;1.731791483565737;2.4123267385615605;0.25179805038849523;1
10.3147883083374;6.716154576022186;1.3081374413455755;3.839642172255468;0.47181183075154565;1
9.086648708693197;5.8450724325762256;0.22654214351775603;1.5067707063415519;0.8338554513258406;1
10.542340697071415;5.609670873483438;2.525846570612403;2.515428061597329;1.4936762976074456;1
9.806993876305166;6.538058960962185;2.3199055479161723;2.8938930028939414;0.12037655626348676;1
5.580703166028103;3.277458000444242;0.5334244227650597;3.9319009561067526;2.5752879591108275;3
5.437967143435504;2.3999897105086023;-0.24962474864277862;2.3377306906702295;0.5435760502719044;0
8.151518438491976;4.937552197652966;1.125189872710699;3.8834344778229033;1.321871556765619;3
7.958654769142948;5.307355070937561;-0.22468882716607774;3.246771366583348;0.6736624469851973;3
5.202842399827489;4.452780559051807;1.1097872924021845;1.7717835274825111;1.5408497455147612;0
5.752610851840902;4.455030317652287;1.9402017974954608;6.044304770880517;0.4360423191344349;3
3.8939180631612493;1.0394576129140907;-0.1970982148681476;0.9380471439105715;-0.48591328669250033;2
10.410484638540867;5.792362657932866;1.3910483847100026;3.492293987210443;0.15164903836432375;1
6.631282066633452;4.641089943622146;2.6534866528849586;3.444122490759673;-0.5815362227791236;3
9.919876738816038;5.837060999858427;0.09761393059475121;2.338495716768112;0.7188168864787786;1
2.6558389362618593;2.061113777157192;1.2294120908971125;0.25653575460765954;-0.38051515945146397;2
10.147744244691927;4.922298968376243;0.022708769191478795;3.9603311263555403;0.3744845768228834;1
1.6518663996092369;1.635979823140822;0.4267702153676836;1.7200473738561168;0.20485853149627692;2
10.86403845257172;5.642142483472999;1.8248130893880905;3.0542844084219225;1.5822189400977758;1
5.012892865432686;4.173506118592698;0.7288491616349139;1.846629629833795;1.2805839068284424;0
11.053692053871892;5.905545178407137;-0.8974839192068758;2.513742410324454;1.9375956372488874;1
1.8922872826571437;1.442293483884554;-0.5979175530540475;0.6099856393558611;0.44993721812578347;2
9.696697807210011;5.83713571191811;0.33465526884108504;2.1881946154457066;0.38057796394719434;1
5.857602553107971;5.532263192316645;0.7820959167805218;5.468671209180198;0.14027030402840956;3
6.2584580617252;3.3528014936957327;2.4448308862073334;4.000614537061734;1.5039170013783134;3
10.873048096475415;6.487310496725741;-0.07385021173806317;2.7468732402441587;1.8704781599833469;1
9.821227214102517;5.720546563105442;0.784464315289814;2.75745617373258;1.53995352155364;1
6.716421941925303;3.485428562239545;0.8993467592917778;4.839815265106962;0.5995513693010537;3
5.0606128512310296;2.8910259352255445;1.317447443161865;2.1780945903108493;0.9363218634526415;0
10.430636863239707;6.858005869847842;0.5080378163656918;2.328632266128795;0.06415264478317317;1
4.659012231364713;2.5853242530327916;-0.10479353877587116;2.0339651395613787;0.11833491851227351;0
5.4990989011206715;2.8317722212893055;0.23762543471528175;2.497671977742444;1.0109843180402278;0
9.142288790411515;3.662919613204314;1.1492478433261344;3.723147872868956;-0.9903459484334708;1
1.934252199920129;1.9516401504219434;-0.1998336342004552;1.549234165336097;0.17027583524267909;2
4.728608908044811;3.2001057735074334;0.7341197529909175;2.4609809908709814;2.107143177136445;0
11.604874310527299;7.649202861309118;1.766692984474514;3.8192500206491697;1.3740215593609464;1
9.04992126477639;6.247856568181622;1.3070215047456788;3.3310392779611986;0.7517698728978334;1
4.00924048056471;2.705548274064249;0.2600998384312614;1.4384059115448669;0.5871000018337935;0
6.288190556499202;3.298132348400525;1.573786328324948;2.785381409603621;0.42630760888525565;3
3.162897186495389;2.330885765143714;0.504353529840298;1.2344175525568866;-0.29588327698664973;2
6.078374268202259;3.7481706918606945;-0.26808401541917226;4.455368998110279;0.14455501783404823;3
10.257085772360218;6.337536603388227;2.090969015246918;3.362827441211184;0.7046746917674811;1
3.4522052836944805;3.1649301906759963;1.0396056357208767;0.964989627954111;1.5006278302448504;0
7.8374141656006096;6.542300255624726;0.27673945349806095;1.5354936825148344;1.3089620796199846;1
6.356787390708611;4.469151914512433;0.8895106872388501;4.151253825370138;-0.09563363366804145;3
6.917740398241797;3.9272093519210847;0.6470326414477349;3.0454554402430594;0.15468546578485742;3
9.721078292473713;5.720593836545257;0.5426919590260939;4.661398386848672;1.2055483617852427;1
9.894994426326157;6.061481506367015;0.6201152145535371;2.479997935341232;1.0349237375733822;1
5.423354073923453;3.6490686640964993;0.7422481409281186;3.9130386969865993;0.4256297648473773;3
11.119484349268802;6.739706946330215;0.8477042959361394;2.482450577835541;1.458578650890872;1
10.012463238065173;5.122979930483838;-0.3520407060754356;4.275604050579978;0.2224309213453377;1
4.488743357798004;3.1515210127073825;0.5319002879326696;1.5438797566759281;2.2007608625277277;0
7.209508068646147;3.3189124206856664;-1.3709295344806982;5.075132998462358;1.6625472378578383;3
7.130969077991416;3.4472896914925153;0.726884429650854;5.429764235239237;1.4258622270952688;3
8.950531014119873;5.147909069539702;0.5558202365162659;2.5123902382725736;0.7504229576116432;1
4.514963283317542;3.6297199128032753;0.7151096646136266;2.569003483187272;1.1407401893465285;0
8.747095692817375;3.209509230538235;0.2597928908836045;4.208301330273015;1.3818405839531938;3
8.912294262715266;5.198205155789562;2.328330751929835;2.8993944823999924;0.8641283749198033;3
6.008891302346281;1.9948964941743925;1.3142146265084715;2.007163142713711;0.012943944266434304;0
9.032287185047036;7.338057909470162;1.1352152074928363;2.435990515393273;0.8553847378738352;1
10.798408087887722;3.6829956974450484;2.470699763824582;2.888328297475861;1.7865462533900134;1
3.1567503187403134;1.778433716452278;0.3860330804053506;-0.06574113973899198;0.7451916868884025;2
2.885976578999103;1.7855327463137436;0.19176499094255528;1.823709084805918;-0.8271171467977041;2
5.1753449952421136;3.242513746647883;0.023982694895056444;2.1625775880127023;0.9051507313090768;0
7.694728139353008;4.397176436529321;-0.05984057739899695;4.206096753213406;-0.8721113062584585;3
2.954541428078724;2.4022883703447278;-0.3431143398240933;0.06774474039036149;0.9907337948150172;2
9.979978433003884;6.654213039360229;1.9121660392138509;3.44624824508149;0.9082820958747045;1
2.3916624286244774;2.0514122968420154;-0.25525477563575233;1.1532302534045902;-0.03720779341781444;2
6.472665094014021;4.296196100839117;1.7275583709847355;3.5965978453298657;0.17697470366069334;3
4.854314424749908;2.654899345738817;0.08744467013905194;2.5947214679147175;0.9499108401755331;0
6.55276117739382;3.835687923058413;-0.2909620132968125;3.9684931509943877;0.07009922273403968;3
9.766550984867564;4.749447353042674;1.5064878217177273;2.937730242389758;0.7556160691274995;1
5.282835599770177;4.320330130847371;0.6222044689822872;2.180285273505935;0.647887858963683;0
3.1848303237024616;1.7650108595469254;0.4614761647470644;0.7940846347015538;0.8729431339136304;2
5.499800345864465;3.3312663372014812;0.44901976114018904;1.4072443973521165;-0.3603930572801053;0
5.082129168316148;3.8943654270518975;0.08590002781491907;2.3829681668190266;0.5584651432962742;0
3.4012449933555073;1.3449794743164114;0.0677401785153594;1.4173226545394666;1.0094612664458864;2
4.9561246319087795;3.6685996243508665;-0.19000823243488052;2.352832560862491;0.32881966713929145;0
4.825674772310535;3.4035898741390365;0.7178751081804753;4.155216565918666;1.4837024380042036;0
2.9064610932379993;1.6710276221056395;0.3960109355116726;1.301069641700527;1.1704392895414766;2
2.4170059592752287;1.1722291011266417;-0.07603033475397908;1.5174360834296552;1.0718750272256519;2
5.278970522122201;3.938229358523078;-0.6314835349495295;5.788548399307727;1.6202264499572496;3
2.448369245048146;0.4818274863522023;0.1283974668719335;1.6605757809991426;1.6750084725323562;2
7.398701917402637;4.856394793516639;-0.3190462118042703;4.426124709131706;0.5591230181910858;3
7.536797023823578;3.429142737079537;0.3876270115101255;4.669767139283531;1.179391475182905;3
6.6503313023352915;4.171381500932552;1.004296849156531;3.5411739761282055;0.8309969105352573;3
3.110309726852217;3.0803067089065124;1.0433678117636624;1.1257956491647754;0.2050182886207716;2
9.982906164521252;5.402230656681741;-1.1393922082183534;3.7072363170888396;1.4894751176739467;1
7.635471022433618;3.78158685086917;-0.323732286899303;5.107000515447235;-0.0682348831756433;3
5.424206965941948;2.103699453252602;1.7283559273890552;0.5426494144813947;1.8875194578030265;0
4.049750342523252;2.828872447214292;-0.47535761706337115;1.4138246831471166;0.19821513766919413;2
6.538123271937944;3.3538729983271582;0.39252783733777424;5.061752687524639;0.974696867858022;3
4.7658491349113365;2.667538282187331;0.04266953719840172;3.235817968196768;0.9834871976726688;0
6.390704375387322;3.3046064992562583;1.3471726306763492;4.810358729555557;1.2061027873866574;3
3.4884910572709598;2.2892400364012317;0.5212398883905118;1.236278378929751;-0.656603547607366;2
2.098217802962908;2.152243796896744;0.5806159030592599;1.6514717949636082;0.5587898920825373;2
7.095178412144333;5.137336009889202;-0.16168437971916227;4.489131440803083;0.9798293903468422;3
5.344715884805704;3.2024180507354725;2.2187100979376257;1.553582011024079;0.3283021314987276;0
5.505170444830265;2.2096637601479396;0.13283581360415847;2.3425621928595426;-0.15548946622436177;0
2.7290043143042264;2.1170149904168762;-0.15496924133255413;0.32163079903748426;0.8736267343401611;2
7.44228650744818;4.512784321478782;0.7759335583979617;3.9110393188846246;1.1923778505500413;3
3.3561340333685172;0.23576681920143194;0.6935404659178566;1.116841716831265;0.4887747461324615;2
4.76050538192831;3.4075764288995365;1.0081578412990206;3.1159353691707885;0.8530857994306377;3
9.808854320664244;5.70654047054825;0.4865934807649425;2.262071852401198;2.1923005515755536;1
6.45338101010901;3.930501059299259;0.9832592927668462;4.376385180299175;-0.798410578643562;3
6.930300885346606;2.92423561276068;1.905834793451291;5.626476979274097;-0.7143928247104172;3
2.636483507544664;3.0316267437243782;1.495509211900871;0.5400060473299912;0.17026571845485194;2
4.9914272590071596;2.371921939959918;0.5530631907356084;1.525986801941522;1.3825838133924258;0
7.258260268871538;3.251240574254994;0.025545546124355223;3.266161934515491;-0.1596114387093025;3
4.598436595183834;2.6171987411317255;0.47707271084880115;1.6196026602063647;0.20100795212598493;0
1.964515962725642;1.5934612085986068;1.0164656418284235;0.411300681316191;0.2213574426143674;2
2.650344805433051;0.5367097050341425;0.2194325026882175;1.8536488816599639;1.0557292413449555;2
3.4384584714399145;2.0085638407018607;-0.27236365163798687;0.7557782122439317;0.9117910741740205;2
2.8236198314014906;1.9570404488851598;-0.6107242480084856;0.7857824795160344;1.0342298981118718;2
5.579028274325217;3.009101324314535;1.5174738540101218;1.8147402167334308;2.604118416612733;0
5.14204611459591;1.9389791195019377;1.5832536409310431;3.257114371166865;0.27104791666092964;0
9.19221543623205;6.4953234088041585;2.445996375769359;3.0166349661403262;0.31759764701669246;1
10.143915320922783;7.113601829075679;1.5346532848018506;1.7435995171014582;0.10829749074372996;1
4.807463811993849;1.3886551846850907;-0.5606337435389865;2.956811987211167;1.8514773994508984;0
9.398424534608944;5.744756851466706;0.1631793145572088;3.8608057108788785;0.9170493189375538;1
2.504753682012627;3.769456655185235;1.046807748442072;0.18935538027518717;-0.2934747740461421;2
7.36724756215308;4.495717815046297;1.0002964270484354;3.256911685478072;0.9344271340440701;3
9.763678871888777;6.1347687810156915;1.8540780284863678;2.194765947776287;1.8119028489032365;1
8.065144300200934;2.9397632193612573;2.1005017003960234;5.370914759541033;1.4620597975211722;3
7.782239133247207;3.5900144265785165;-0.20031674540549194;4.859770502413977;1.5884421132768147;3
3.4912665862529164;2.922759151047532;-0.3735268837466483;0.4494983073914418;1.1105968801061015;2
8.833958800428055;5.752632738360109;0.19827487552753342;3.2553396083353445;1.9723603568185157;1
8.603619017893955;2.5090391130900036;0.1279966773636133;3.338226885386243;1.4493313913816088;3
10.976826956420282;6.465678162774893;0.6188127209201345;2.232448610621216;0.6022345791431576;1
6.7490049452643195;4.7606421740658895;0.555992534873305;2.735329137876782;0.7528359944802775;3
3.8314163032150397;3.3803521346659546;0.036163368737907375;2.3994190680152117;0.16571859042023818;0
4.869189849087049;2.6921882592080775;1.512884519047613;2.137588343558102;1.4222911776280442;0
8.031796783360655;3.1239590457756687;1.5064200028258437;4.302530466723606;0.5952713660419331;3
4.317722830840875;3.550959222619716;1.3110169053051828;1.4255223771538028;1.3743632904710252;0
10.102483531928632;5.455158674020096;1.4725148391909793;2.4779008165580874;0.5430532534281762;1
7.772212775771931;3.254623354331289;-1.216639077949774;4.130557371363444;1.5138581193968097;3
5.01715712198126;3.348598803871815;1.5158005254565292;2.671489578259645;2.207227720258089;0
2.929940450522852;1.618665295157358;1.3433108111119987;0.807254340329253;1.599534226087521;2
6.054873334358069;4.681745634403737;1.8334825295970423;4.625682610075599;1.055375921295351;3
10.607142871829412;6.224953139175501;0.883360883161501;2.949925497680382;0.296828328906659;1
5.584984478445599;2.2092052017396675;0.8708629245406979;3.0090980344605303;-1.0301511500891025;0
10.310862883624772;7.994399613946232;0.7951432707680853;3.6707926195613134;0.965463486838052;1
5.282973197910348;3.2256534902984484;0.22775501992052016;5.698918891606171;1.3008978120803825;3
8.488367415243575;5.638154944600739;-1.1391034613031654;1.7328777412114214;1.508331724915438;1
7.926511733438522;4.785083842025605;-0.4287173808663559;4.738142368079936;0.7417802554707335;3
5.195315068039237;3.4255275568015775;0.6306263862094507;1.6874964698146302;0.8358629950288152;0
8.085395064892134;4.69966661748806;1.020003883769473;5.368905604443442;-0.05402486874235346;3
6.084954083512278;2.451722695364634;0.27455693865602715;2.5694620521587686;-0.16160502150376865;0
3.0537484087531492;1.8815969478156043;0.20923602980789296;0.8830550317883914;1.1802620581202388;2
3.643786828659607;3.4183234967716167;-0.1715916195809894;0.17137323810773508;0.6822911573629254;2
2.7782337983738197;2.2262602363413118;0.28244231178901297;1.6756301504633009;0.4691637658469083;2
6.224467236769367;4.027028331247674;-1.3371451901482625;4.788810080952642;-0.6053439001976735;3
1.7399840954090255;2.3753048100986214;0.8311388897933947;0.6445864266087679;0.5741286175733494;2
3.7424628808104834;1.725619006947926;0.27430597121305506;1.0348136408850372;1.0090585293231706;2
10.885664535429578;5.903695068837122;-0.938135636811229;3.6779373417203374;0.47173745123686184;1
2.822946051457256;2.5854900316068257;0.8510726663654482;0.2525695741321693;0.5329604665999093;2
4.597053521633558;3.085406870251753;2.292059176788156;1.9327580701927451;1.504491328399973;0
9.143932186939079;4.779579863260209;0.24647354409500444;2.963531186915602;1.0946715594581535;1
10.084300404916767;4.932779604065436;0.3189058848390291;3.2558255473140294;-0.37439498682533545;1
5.30073275339281;3.145381381014178;0.6901051860367614;1.1062759969257834;-0.05673957828578369;0
4.671577043526707;1.8008058296363858;1.447710661915789;1.9198221083231675;1.5664714183814232;0
10.884420746366388;6.949624244448304;1.3109841776233477;2.085596069815613;2.206745225840877;1
7.880579900825231;4.469928291340542;-0.3933028456773323;3.7022896981051985;0.0978207837942836;3
3.4879231120487866;1.8326222418009148;0.13214389890249936;1.4742231376310269;0.7040307767413343;2
10.291968801972981;7.92273246819062;0.7539049623731318;3.160879237371974;1.7405235168060895;1
9.861643152061262;7.369366784113875;-0.297520914345085;1.709150881698607;2.076936261994887;1
3.792782419363807;2.8517618027081824;-0.06025413944322311;-0.11992397081636974;1.1045082139021534;2
9.206886120434953;4.277287909117028;0.28883060184839826;1.9415281652740013;2.2136121281090952;1
7.304697588657323;3.1558669811172413;0.7949624778641571;3.0768225847237503;1.7907392585803448;3
4.6378980849297395;3.986543208129906;2.1092286865334753;1.7460130076922387;0.3881482350194597;0
10.264704185771565;6.66682316928714;-0.7949885140571644;3.299245255878058;1.882135193978634;1
7.762093697694844;2.085495321683654;0.5108151297828578;3.4574614097944343;1.1890366555707401;3
3.4802457151366095;2.4525747978881447;1.0133480228847858;1.4249823083206383;0.7108689245249498;2
11.311971623497115;6.593701992857514;0.8603469111212743;1.7184273504822651;0.7031500094960411;1
9.004909411686972;5.445675841763274;0.22527418754464212;3.715939501555553;0.6640402573663777;1
3.22584571565851;1.4587690673854938;-0.22179784876481662;1.6752608706488616;-0.21364713572039673;2
8.572626878124002;4.838972407834346;0.3871002415029485;5.02205813246465;-0.1956641611704708;3
4.994419151078368;4.035960897223018;0.5541578153533329;1.3971010590702155;1.76618685408876;0
5.737206997333033;2.9723113923003415;0.9770504881608371;2.019822863291323;0.7208292976470216;0
9.920888277447085;6.735261186390215;0.567780364649079;3.2139138512575225;1.157358244956811;1
10.113373530911923;7.855463631985355;1.1146542715154975;3.1536392931920254;0.6527068286379989;1
4.578805371439422;4.296594729156256;0.49055194268344626;1.2596023497308697;1.2757814384722321;0
10.463706538570861;6.260637053265733;0.9555074412618689;2.7174669657514494;1.170787074769353;1
2.0354640813786156;1.5423651328602714;-0.16148540987237892;0.4360581393346812;0.9976849051590491;2
3.4192970521215207;2.252583766633634;0.5952113087956795;0.6843790943994518;-0.7920057519227466;2
6.2926951280152235;3.4087497297281746;0.24849553644905836;2.4134583814846167;1.4760925064080355;0
7.934540965917385;2.6325885320708418;-1.948940038299512;3.5939570274319013;1.2965667199198285;3
3.82466285590249;0.7185954716127827;2.182649120195996;1.6336340854396312;0.6339433484774958;2
10.566571538605245;6.186572905010801;1.5625093071305962;3.2296993321614593;0.41005010028764965;1
3.2841792460868726;1.444171322011077;0.6333075878053489;0.44878809310834344;0.2495799118369494;2
7.327726266449195;4.0064606202171476;-1.2778298925339762;4.144440661576132;2.791277935457518;3
4.082608865872046;1.8854577249636209;0.7318547652889091;0.22403622527730183;-0.07386182609080527;2
10.22606396039064;5.801047099053163;2.085876460815994;3.392779961310601;1.487902228839854;1
4.6340938856366725;3.7343064580858223;0.006959416620068548;1.0140770925455083;-0.3896404214667326;0
5.25297692385589;4.076625596526179;0.4749217726230339;3.0952505590698043;-1.133821572862821;0
10.577905086262216;5.701733478326586;2.181571080986724;2.680291051508318;1.0797477806015088;1
3.2320851124135217;2.6545882551115803;1.5073622674204592;1.6142257276641887;0.6495851573850373;2
4.648562042953172;2.285137028008501;0.9958495131095473;2.170660499639839;0.30514495848429013;0
3.248919300217146;2.2779731180708636;0.32610880118607966;1.3348837087111038;-1.0177360466165817;2
4.353736727722367;2.0538207760685667;-0.18311127708413288;2.7375492576254876;0.03542077781763986;0
8.276678210633232;1.7609722091184286;1.7492688474793692;4.304221132991537;-0.2863194830714939;3
6.426423027674085;4.412548033196336;-1.278324316741862;3.4738440424085204;0.7720469604161883;3
11.520952548602406;5.951471348948304;0.2332745864716298;1.7890284859097383;-0.5425117410047561;1
2.566957467997648;2.106092523283639;-0.028008050752359237;0.8370069338043681;1.5040712541791221;2
10.160455357784754;6.918909879542972;-0.012657455182717547;3.049343879878377;1.2430532002644585;1
3.8152747591996263;4.07068522362243;0.3893944709947074;1.701183251036806;-0.008473062682117227;0
6.564794664538117;3.4490497745606614;1.0420868988707968;3.6777735582277122;0.6745425194030893;3
10.158328626770118;5.478865597108442;0.4128913327565428;2.7437221534445437;1.2393327571215331;1
2.332819784535502;2.8785063432514626;0.8981152640794847;1.1683818426940817;1.55517229051708;2
4.4121947104734565;2.5804251481891844;-0.9867270070168648;1.6319714848234672;0.16860713691241147;0
6.536303445572582;5.377175678977016;1.198434446071567;3.1678922970597103;-0.6378392526358889;3
3.9008426960766807;2.491003976922592;0.3267369551139467;1.9478965996299675;1.1344704682854745;0
3.34512300966394;2.300399432828726;0.32986421230857604;1.004237895176906;0.10380731631593176;2
11.05391525250746;6.15807968375392;2.4602086981002125;2.448649745528346;2.2887710425321997;1
9.916440625170022;5.864942621447992;0.8560417304905451;3.929502642086552;0.1581174926475407;1
4.462856705978365;3.6106244457044747;0.6283394040168462;3.5328620532523702;0.13419120025139397;0
8.948550461025942;5.071493734909236;0.7913166275689933;4.924287636987759;1.795310381921578;3
2.81035628638377;2.3694626898626847;1.0223306623012898;0.9163322345914002;0.22988644108915307;2
5.528773858078029;3.3506420313370664;-0.18428867135898575;2.069532613800458;1.2259709863602524;0
7.542922750514254;4.268342619391473;1.174794151778792;4.952306492578435;1.13085785618874;3
4.675607615031277;2.67398917250082;0.6693735900962239;0.6607038287395415;-0.5074424827591228;0
5.1592219542228905;3.9149999279976995;-0.6252382641928591;2.129243700972613;0.8819179559738964;0
6.970947450055477;4.5764886415672965;0.710770381490563;3.8981847527358338;-0.3692947271012419;3
8.732691245595609;6.213701320809187;1.2069800185839472;1.735047438374293;1.6160306512608924;1
7.524463824856478;4.447186231456837;1.562794309485465;2.9202722244712227;-1.2845294766719888;3
6.521690903776706;2.58892651717109;0.9120389798444279;6.260400896425981;-0.8560699700551775;3
1.8124201137745275;2.44874615367052;-0.3436458154438839;1.1435481184666898;1.744449601849984;2
6.025954138245088;2.841956589659425;0.5472697432815467;1.0026762696505802;0.3189320928323721;0
10.868785692940026;5.571229243908761;1.4464462386249162;3.2938298507210724;2.370546941436098;1
6.322808286382268;2.679893328445891;0.14873806780292698;4.877781212630181;1.2640652795995608;3
6.623881408810698;2.176772914199761;-0.363767176815995;5.720277178425751;-0.35241001390222015;3
4.455528318686388;2.22259690817392;1.7265893103965357;2.654974875203223;1.590088566495911;0
3.035959578159797;2.166426162774915;1.1163951575031905;0.2147077605285328;-1.3117072934924952;2
4.053285418989294;2.9438118351289138;0.020516658529102283;0.9094973730599828;0.45563146063496446;2
5.211083139633529;2.97570176120633;-0.31807462633367234;2.7999759701605145;1.2263531228807418;0
5.531851766085149;2.886316025599685;0.698467624649673;5.195776745423408;1.081866026478482;3
6.850931730714131;4.070719326747235;-1.3158606849733308;4.412351303309829;-0.0817491022451261;3
11.259189410632025;5.019387469598127;-0.37149990416785617;3.1795614548479776;1.7376786420897237;1
8.757933223773911;3.5267082916943164;0.7599750956412282;4.3604332478556955;0.9179586675942639;3
2.967063599630228;2.171332444914594;0.6126734570276029;1.3871293515700343;0.833362679602069;2
9.465527637085561;6.793633879629218;0.6600321946436731;2.395403872405724;1.3292078748563227;1
10.190695186187828;6.7801581038259435;1.2008753359518762;3.151665293278995;1.700836874053713;1
2.822035524558121;2.1447931609500688;-0.39060845017170426;1.231793990686936;0.3773172674083271;2
8.636255730302043;4.697639944631305;1.0977360772671225;4.2106220089178334;0.5763242437329956;3
10.706927949989337;6.5218583027307355;-0.4611137255873996;4.181232279780716;2.0040730833179614;1
5.137091678568377;2.3151390556694778;0.7857769290001302;0.8081914770335119;1.4204089461279503;0
4.343522472059414;3.3605246870460617;0.8596501656385461;2.3605333804142337;3.396912043458305;0
5.997358194854206;4.232795033069849;0.7914657982718942;4.704586361453715;0.41198698738241085;3
5.268845814257515;2.977113676334135;-0.9472094700279134;1.9376159723410482;-0.21312865035339723;0
5.269722165810186;2.381299794659207;0.6076075741618695;2.0407461029122;-0.10007920848143614;0
4.985591890007525;2.0913698626284405;0.0538213399285421;4.411917927448197;-1.6727543584527111;3
6.392559383088503;3.6372316098414723;2.3923979719842605;3.251144825635129;0.304896245357115;3
3.96010773887412;3.186935186108481;1.1227415569364059;2.0575987924927968;1.4458362625457457;0
6.1109139931893255;3.2378341304871716;1.7246570147670002;4.701414103514799;0.7648824325602104;3
3.9337691666513575;2.608754706909888;0.7640483125451646;3.095866820464038;0.6539748172489085;0
11.152093772359578;5.458886158352584;2.2407523463286525;2.9678736394845253;-0.2446200816944385;1
2.4502848507112547;1.5009066750617333;0.25969302597038685;0.570544006533549;0.9092312394275719;2
5.798066587810098;4.437432660475873;-0.7925735900445291;4.974421948498366;0.3759878133639093;3
4.600477594375366;2.41735109882704;0.8299908894704828;1.6134438690033202;1.1430522724288574;0
5.547276010244117;2.1341345023853426;-0.42431962915899335;2.3653590959318285;0.9078892712632302;0
4.298229444753534;2.987040804805327;0.2979389527559032;2.2259029922366627;0.12093833951337396;0
5.051866346293843;4.1400308818999045;-0.46607102075042395;0.8076322924513919;0.6611166107723668;0
2.2497553596181694;2.36270919581322;0.8293998373940454;0.7287458003001518;0.21797471134429913;2
10.24706641007917;7.361771955708191;0.9926025435908546;5.081346491344316;1.3524077165052355;1
7.28181892601184;4.618359216273024;1.9198867733507425;2.999577775437804;0.7677569791641834;3
3.484273557982386;1.415872280177319;0.5858146616137315;1.3032820954999762;1.136125944499328;2
8.46562169929509;3.7440538153541416;2.0315238653560654;4.611038161053351;0.6767040595017876;3
2.7888472093100947;1.5380023602815256;-0.4776699985499367;0.726327503515487;0.6088559720683828;2
4.876136940754165;2.4411919288230823;-0.46552345961016894;1.4883489720406566;0.676811118988342;0
2.6301831551763133;1.7748821718056378;0.10937094194625957;1.768986277002261;0.8346146364350747;2
8.935013637153778;4.531035701517363;1.2063930615300351;2.1173067150609013;-0.8223124743619864;1
10.617358968518676;3.7211659034959395;1.719012560297683;1.6082289769775202;0.6100472468774942;1
9.162471213854449;6.429322202021829;1.7485633237303977;3.5751626485320536;1.696838148644653;1
5.014702689142931;3.477367079906475;0.2828132703845808;2.2269164467419094;0.6088998619426207;0
10.807853671474108;5.449479723857821;2.6019486442754474;3.7854123895932754;0.6401348931931021;1
9.478914484966538;5.577106654600194;1.2690912150040747;3.9906264571469086;0.9170172613888493;1
4.172494460250172;1.696551977442838;-0.33534455223396026;1.8889980414775591;1.6775523143184767;2
7.237618073200303;5.145118150096091;1.259242892501822;4.259851296542521;-0.6893986926054665;3
2.7849959087872667;1.6114749166189046;0.7465151828999621;0.8912654960691382;0.11037617700714442;2
3.1967277144956143;2.051535803775998;-1.031580223648521;0.8621202216548838;-0.010843860556188134;2
3.208605890123002;1.7076628615318685;-0.10542484749696707;1.0204914504928149;-0.1523475633176815;2
3.0635366718691404;2.3506477882834904;1.4858643507092912;0.061455032973369184;1.4703275449811744;2
7.896913459521502;3.5801541586946217;1.1764318156807414;3.82854720460197;1.0916513253994047;3
4.865951133603216;2.3640338354817096;0.19008202876776725;1.3207033890883302;1.0325932555243016;2
7.800133410051902;4.516369978903972;-0.5486739748845023;2.840523144282816;1.063443933927668;3
6.5065580845674305;4.750000520602276;-0.39437651375626814;4.19848728431248;1.8961632370750026;3
11.062555313479246;6.444984007520528;1.1647102176652862;4.732001875920867;0.3851854156958856;1
10.998193658138987;5.461207500604905;1.0231953297790417;2.331722357392194;2.616119302218711;1
9.935426735913135;6.062908152252873;-0.7985605476256861;3.7330621397619854;1.1771907807183941;1
3.196046858761392;2.180284615766497;0.6733242864260411;0.31670012933153857;1.1234670724521612;2
10.53030501493393;6.93877908598826;0.9448172469629657;1.9625344416353228;1.2197503614021135;1
4.687439533553086;3.5994791560264305;0.6498656208911427;1.1279828549016084;0.8212266480958273;0
5.079462141675874;3.4634914721647325;1.6102117713017463;1.1335291508212058;2.1931233622593864;0
5.162434956150346;1.9863409609518732;-0.4852246420635886;1.4970890451232948;0.550586993801707;0
7.276851401370277;3.527889687609654;1.81698241098043;4.381660175366606;0.8355023434166656;3
5.954394540478873;3.7451749929306097;0.32922622757325637;2.911470758123075;1.1500808564169653;3
3.3570176795013387;1.6655461681350072;0.05220130671393958;0.44398101469161355;0.4811364977751341;2
8.67000640957146;6.826036963473326;1.7013641094620668;2.1272268558278413;0.5713485696363322;1
6.532543265356486;3.6931829103885283;0.9854850231377137;4.0694408465959455;0.2655697327381654;3
10.635411743697462;4.996568461464601;1.0348463457333035;1.9147345563012759;1.2731439859468212;1
12.55448605427589;6.239002326692549;0.19856715992385254;2.6589139230355654;1.8187565673574038;1
3.2620431310401057;2.2425768529770185;1.0414693150932923;0.3573677922105707;0.9081296632702696;2
9.483018152124957;7.420248714087609;-0.15490946540518402;3.7353233388880014;1.7004658544343827;1
10.293892405452942;6.730867700986599;0.15745683945572408;4.194150855167617;0.683101119165945;1
5.958042090272644;2.324553577593927;0.9802360219989075;2.7408971407947114;-0.5311176404961799;0
8.06257682120693;3.4354178986438275;0.6407004380999843;4.046078111692977;0.34839422646962126;3
2.5742520871504966;1.2448970535947992;0.16978976974537774;0.8149103269265081;1.9560298918073133;2
3.5792384907547024;2.741678433083731;0.35319455457686244;1.1183894244433574;0.1294088627393899;2
9.463503832738684;7.113972240051464;0.5999627883208378;3.2309549034238856;1.1082574710169766;1
7.065586688213964;4.065877291901525;0.464781310081566;5.0725367473963585;0.7246538361357092;3
2.594893035015371;1.9132887975706894;-0.17545195259997676;0.8152230822165758;-0.6361688001722714;2
5.973092341222536;3.8996420555713507;-0.12446983276730483;3.651070075232295;0.42774590093332154;3
3.975539536307517;3.207284193945203;0.6827386905259225;2.0035794196497227;0.5357890066373971;0
4.058884642276006;2.356943637461061;-0.20289853672644742;1.4625417044271103;0.6757205788292532;0
10.870998895763348;7.507669044747687;2.034594822617751;2.6089204625709805;0.004306053368790974;1
2.348504922668889;2.407623969773902;-0.3892764210951936;1.3997875005455271;0.7775547757123706;2
4.039508999691055;3.3387800877155795;0.6828306608644543;1.3005066849666742;-0.5806346404916434;2
10.032473352963105;5.4384066497545955;0.2696792659592415;1.877915782560245;2.2996613945495517;1
10.35237979036832;5.984289760858655;1.2419919635337182;3.1791313072517293;1.9913123439790756;1
9.115436265211251;5.828063175769012;0.553572572651407;3.623728425815472;1.9482469968956866;1
2.382377095090757;1.1883978284938794;-0.6134155117307347;1.6676130249939551;0.12244196378432676;2
10.533613935792694;2.1242983544512706;2.1522269847849977;3.74129723253968;1.0585960139627084;3
2.8290747039781974;1.846292148502772;0.1551015324775327;0.9629414800839227;0.7876649108516383;2
5.764426493667043;4.316331910316982;-1.1804027244373292;4.042241411854333;2.507990315071379;3
2.544902799179958;1.8617595714765396;-0.25453988656098264;1.534119046674872;1.1211496008342516;2
2.490942819485511;2.34387668794472;-0.7715198951604667;0.7842221965285225;0.6806644035150453;2
10.771269734630685;6.951576391139713;-0.18208625210959395;3.4779200558798866;1.4609381938487187;1
9.977988075959491;7.417801277335795;2.129007371638296;2.6343229947309825;0.41823035171057554;1
5.0904548273826595;3.076576356223425;1.0080366367290843;2.336706462215699;0.8567188169953919;0
4.747323683926644;3.8115308623549735;-0.2567443293199281;2.4311549248609845;1.1151708805778686;0
9.020847786590195;6.027266774607381;0.18402141515308656;3.187028729432598;-0.34471651696290195;1
4.1454094450202845;3.146204516503329;-0.8717690867158427;1.0702697657710987;0.8378028651083864;0
5.992408484455148;3.645823129627244;0.7608252451294281;5.106293305867346;1.3427852164539502;3
10.019375565338207;7.129776444332343;0.7362868870034279;3.3618974369997874;0.05008517748249619;1
8.080478492626485;4.126323882863242;-1.170362733228437;2.994532184463698;0.6327388230265275;3
3.418172642706441;1.799708306146394;1.0038747825519847;1.2217853153188563;0.4356187135974627;2
10.112708997528964;4.585248507549719;1.0585341713478251;2.881917930961065;0.5271707985054062;1
6.785700607319152;4.041402472527947;-0.21415293749438946;5.0554811607407;1.3988751413226008;3
3.2597758952164178;1.1734294995474577;-0.03886440250256534;1.6128299772576389;1.753065663721955;2
10.342645677766118;5.850284587996361;1.5885839965438904;3.949908841251801;2.971650913614891;1
7.133280477818449;3.207038497004837;-0.04099868728414591;5.068061158159598;2.092701865135381;3
2.2675725444515047;1.6951158814116134;0.21133180870951707;0.728050954586192;1.3714805206824472;2
7.419890780305114;5.211603180582474;1.0700255724160006;3.9118762782013863;2.8451912484021937;3
2.583172121346565;1.7544305371321376;-0.014453038760755488;1.0914129232202332;0.006548040570679703;2
10.628640126920665;6.340366049427971;0.026419085496629635;2.961830915086416;0.8971179687275453;1
3.3909131948037032;1.31738859774511;0.1791050796314892;0.9960872108623252;0.8592766337371461;2
6.01242772513044;3.4700198559351736;-0.15353618794473034;3.452912265391764;0.3147895671659193;3
2.8892847854064905;1.6371532012770724;-1.0233396342594414;1.5382397181322793;1.2649250247672335;2
9.104264084299086;4.964254819423275;1.7286614299028156;2.625839038950487;1.1772031053845726;1
6.442523547417391;4.228738589710243;0.32572509606464856;2.680099665668049;1.1517631647096032;0
3.32777054880222;2.003853361886563;0.03816846568405885;0.9342341176445015;0.4469822244767988;2
9.325402723747047;7.736754173998251;0.6592913500541308;3.0985638454275883;1.341188300832374;1
4.606398729531319;2.291018215765903;0.7199731328166917;1.3643831471351524;-0.28861259093470404;0
8.499862024283404;6.092020863317933;0.6718937635466877;3.5370720611603725;1.0705573025901514;1
3.4010042932308484;1.5594957207329025;0.3491973338481362;1.2743682427691447;1.3734933932880597;2
10.106832723825827;5.8780241308955645;1.3664869413508725;3.7653618534356674;0.2712084315936404;1
9.847454079389323;6.173946298543778;1.4960541845510034;3.3965455103780835;1.0203351241148613;1
5.215461238224441;1.8028821251403622;-0.44372979547399904;2.5202848658159005;0.8196058066895593;0
5.8358431373163135;3.3738746105226425;-0.22631428507491735;5.115625605797406;0.4433932897084162;3
7.069732466666976;4.231977286128475;-0.517584517933462;4.300758775520408;0.6602668560577262;3
7.289433890205315;5.579439764482517;0.6165614677050943;4.202737705522795;1.4234504796051737;3
5.288946648855549;3.575442111996143;1.827755087857763;1.8282283187979906;0.17238468494975734;0
3.869099537935756;1.7841388125265485;-0.49562861164922295;0.7519209033260343;0.6561683039497317;2
3.277236535951138;2.4700343055695573;0.14907666837330258;0.641493883185015;1.3534219170191046;2
9.28704621966777;4.278547678936556;0.22467734460606392;2.8310958089378446;0.11025637827905277;1
8.847674822051497;4.979892688795005;0.26132934756750353;4.016937144766539;-0.25448891258580564;3
3.263700738372136;2.4673619021072684;0.5746637196911315;2.0046954600085223;0.49664238870257205;2
3.289119637031095;2.3283588784267804;0.6293303011904186;0.8470265238677813;0.4247274439982599;2
8.347688514861664;5.67193210918396;0.5069118981387445;2.8848525677260217;2.686259151628243;3
3.85882006909871;2.6490600366036974;-0.4873315160588438;1.3732419941836291;1.2973599917212457;2
5.050096366053575;2.665639787264418;0.8352858780224743;2.2335634737008636;1.4262779609805294;0
4.377339899262134;2.4289328005241932;0.4460288034101271;2.2388063823716506;0.8936835595310133;0
3.7365825295348367;1.8607202934817861;0.5336594626629674;2.1818057512050375;0.06697836242691402;0
7.046494879165972;4.206167219385132;1.5668862114440052;4.201905691100274;1.6136157992851832;3
11.224600665874958;6.975009481357853;0.6292457032558336;4.192580909479962;1.0189339657616894;1
3.5789109798584744;2.969349694128939;-0.44060932312795326;0.6445214445082634;0.4841565458246438;2
3.715504507486785;0.9328474495960899;0.49179109555138634;0.6974921013953972;0.45108639613901247;2
9.677081229406403;5.235901936520517;1.1388792524747688;4.650019935394516;0.045973668596581696;1
3.308552853610701;2.3432344650284866;0.2626853898004134;1.6746120159223015;0.29955366141203565;2
4.846229678513741;3.2499788000582224;1.5345258313190613;1.6372108472084468;0.13405447797476866;0
6.375307593041472;3.02468448638021;0.010192144405190118;2.1497859375139554;0.6213703652164191;0
2.7668889281466686;2.6744676319916083;0.8685158772737147;0.5362733993058346;0.744231372274721;2
6.1812849247163495;3.1571442626893638;-0.001001600821997628;4.262973455493736;0.6314038834342628;3
5.516926605996788;3.1199577968329795;0.41904620232823164;1.7892274130874979;-0.3349653932571992;0
9.88923521281298;5.020561410968507;0.6327813941711798;2.3195836366325597;0.43558124015622185;1
5.258071316211031;2.7246628313708476;0.5201213760543723;2.894916303825109;0.8337693476139323;0
3.656860149290671;2.9814402871855483;0.5421611469587185;3.7242694787397;0.5653473246532141;0
3.0455731607496523;2.4456094510158333;0.5893493716083943;0.2574025466036213;1.0214936386335638;2
3.168096695291764;1.5142378880470124;0.5544366266784537;0.7156963917574504;0.4913286374730325;2
6.146896554457912;3.249109259057576;1.2876268034155736;2.6114786363113187;0.2305204731034649;3
3.9856037719535777;1.4596275592112788;0.6830351553650298;0.8028289145506092;0.8619124586494058;2
5.147712227041833;2.9323008216907254;0.11855663923373522;2.2793952800464496;0.6736557083026061;0
5.226858778576356;2.7304424037085786;0.026154599785828903;2.4281734021886074;1.4216996657471657;0
6.919689261200696;3.966186419518467;-0.958081173100433;5.345444404707912;0.8371930690435566;3
5.872259634748341;1.5486268373142955;0.2601186841437559;1.739991393802946;-0.2852581863024748;0
5.764781006904309;4.2906770532559015;0.5450964253301548;4.450216422492913;0.31975972420474985;3
8.874946029062533;5.933515541897044;-0.40377629922480174;3.608044770951682;0.9659518023476027;1
2.294643236625089;1.4629580946340373;0.6583369309520308;0.43099119746547954;0.7779237752594739;2
4.351148669895342;2.95833225075674;-1.7688871380483508;1.2829286510659972;0.5232022940247878;0
3.627053084450852;2.0869326998581346;0.31434182597097327;0.7891514585717605;1.4380480152992647;2
2.0411253888697516;2.2773035996491657;1.5145857739721116;0.1820955972443138;0.6138237005662374;2
9.28122561456717;6.0225449258953025;0.7927048026846372;3.8687164526652627;1.2797585863039622;1
5.067954284543628;3.6780514933730224;0.00856283428585336;1.7706364973815623;0.42552429280748966;0
5.443743315622608;1.582400189339675;0.6305180203385994;1.5367494746621284;1.2967033343573569;0
3.158092329198636;2.1765344774080964;0.15935531981020679;0.5297406006481622;0.08567536861024438;2
4.117381231965468;3.642503362938343;1.985509337908843;2.7227256823858026;-0.3635589761678093;0
9.892553006823562;6.648646618527826;1.4347909764417706;1.6011744214094552;1.943472194302522;1
9.168075258299575;6.490219124050055;-0.04273245053892494;2.500984831443356;2.431225083093429;1
9.896143440213258;6.0350491775832875;0.6823983986972091;3.7711032934359277;2.668418401273081;1
5.45805595944784;2.9610907303626814;0.6959780384238742;1.2121576668911365;2.412026385731778;0
6.915727430134746;5.1932169827879715;-0.5584472117258251;2.742593633398308;0.27476060628859567;3
5.651896083381339;2.412547733744153;0.2835513369041498;2.231884401982495;1.3828815889856514;0
4.6487700694908245;3.6407814823914517;0.7301257767617791;1.6291678573630728;1.0592872031793492;0
7.957546888804771;4.227311961396961;1.8460788428345158;4.3997784945616045;1.791190661962186;3
8.080235574764947;3.583154774123141;0.22971605359559777;5.038510660830172;-0.8827675297258786;3
10.893836665270502;6.274180277102163;1.1654025753230273;3.455813824185763;1.2581668480138521;1
6.353050851152142;4.670504781589553;0.42477243349498645;3.942230640602352;0.8825772360035357;3
10.752616950390573;5.2140100851693525;0.6202934800023804;3.4400416792196413;0.12532443610909172;1
2.807599424665685;3.0771268135473933;0.4380424555148412;1.2986458534548366;0.8995545512326768;2
5.936313287121279;4.4045265215490765;2.477442344583402;3.086716456132733;0.47468350997541287;3
10.46935504118022;5.620077074701981;1.4970378379657954;1.9232162558026011;1.0011036636371295;1
7.9271661662840724;5.5630044413980135;1.1134432043220372;1.816870744980697;1.0466879358233245;1
3.3135084631594545;2.25103893253321;1.1409591557678576;1.3902700555216834;-0.4018481810558907;2
5.377237030579261;2.2739276919714806;0.36676292534147426;1.38706722263067;-0.26795981167503524;0
9.23733711339303;6.098136252795836;2.0997427667756483;3.2584634184928234;0.6981171982989699;1
7.4800233202349045;4.755521654066564;1.6963752405788304;4.9516314748404024;1.5849773000656802;3
9.73033122310557;5.509277869167248;0.5580242508094974;2.689458545167017;1.0363329779003903;1
4.784555235532899;3.153405229364757;0.6745685785975286;3.104217295834432;0.6332931273291335;0
2.2622702433285498;2.298019533941913;0.020813725931968008;0.9364309874175186;2.0866060082102207;2
2.7551394965038676;1.4025107631258624;0.6906817450941942;1.515070669993999;0.35922765802555173;2
8.663747949966771;3.8419924490507062;1.201789324282116;4.08826078558505;1.966284603676713;3
9.832541058278506;5.464741809072066;1.6319237499168613;2.515507568210509;2.3608077708375492;1
4.476059424410413;4.085806382865766;0.580972244005001;2.8255080288446783;0.7472629369870762;0
3.5247102444795138;1.6101408638910397;-0.4219205132334866;0.37477335265413825;0.20767824728304374;2
2.7779933820707234;1.8447223623997386;1.25918830230283;1.3365516687647432;0.32271180918250375;2
7.95523386838582;4.478805578939749;0.9254949551223148;5.585069312380636;0.7997176946494028;3
8.869028402476015;5.91101915092104;0.0768738868281682;2.4115760459281868;1.88887454016835;1
8.741638636054207;4.733950920199836;0.5567203434023047;3.8351645760520348;0.47899417923811594;3
5.307990969483013;4.641440825975199;-1.0948351872527256;3.6649128523558696;1.1935818683350647;3
2.455346291911848;2.911570354185061;0.6064752531165568;1.6183483513744343;0.10529926768871778;2
2.529142855123378;1.7776951408459827;-0.5433402115071853;1.0093710003697618;1.0413663042719883;2
4.171719041133958;1.5725374755679298;0.3114152158888096;2.5022795790571735;1.7516499364672196;0
11.951801925071418;7.107418254808414;1.2511272960418878;3.475803473332229;1.582732447024246;1
4.150067971048587;3.8106776114500476;1.054163885774055;2.4368838719365087;1.139841856484996;0
3.1103007097935027;3.615820198388298;0.5098800147407445;0.39756724189479387;0.4427214517465562;2
9.902601993293374;7.210759794593705;1.3046493476438221;2.180650540536636;2.3832740530673506;1
2.5084452841671014;1.7142674758732046;0.8246335084276364;1.157536797401155;0.6161539468205266;2
3.7113880380678483;2.104296123285009;0.06262699561302482;2.018263735147584;1.062361314328386;0
9.394563929144432;4.862551466606525;2.0010669215643895;2.7418561289262913;0.6993335868359621;1
9.77545993850658;4.645634548643692;0.7213282985642001;2.209127114279266;0.017128546227383246;1
4.0044224032816285;2.5473989810302315;-0.25708360253007645;3.1809991445507952;1.3171478298646153;0
3.2686301554861665;1.0574743087589005;-0.37606048134588316;0.2836449961605668;0.585765856858224;2
9.60499473347095;4.754734481072199;0.45750787122727;4.2006078325074485;1.5801773936907944;1
5.105275650533345;3.2392291830440114;1.8133195874511203;2.665296686730235;0.2961674410363178;0
10.128459184839892;6.0024368161227315;1.1495505357970799;3.952517019829073;1.659643308353059;1
3.0003167753139586;2.360724049357469;-0.566312889680125;-0.37770857188234275;0.16967789030504987;2
6.148828545372897;4.5474215725164715;-0.5854187279519266;4.698425122459128;-0.10199531703405229;3
10.344033317752857;6.824226763225473;0.9910313272212109;2.7927662833434375;0.7429201207320174;1
4.783317492480207;3.2282931155694827;-0.375779503469712;2.6468189134448306;0.5705685044899076;0
3.105126851345107;3.7911554015620457;0.5204889992845826;0.8118821882965612;1.0530809011863513;2
6.857661540064912;6.91878367263526;2.6771246255545;3.836695837677235;0.7042966977218166;3
7.3748014342913075;3.951485635894835;-0.2840732223395832;5.009672070607424;2.8880366498155334;3
7.661173790913397;3.112776572198956;0.3442604118640825;5.075286575689244;1.605182468816485;3
8.219898520994946;5.053178838276944;0.7208668475230136;4.0716380761384325;1.2986519940043164;3
5.943508032031925;3.8218560439137863;2.461115704347197;2.351485977514576;-0.14617892047541003;3
8.197517413635136;2.9228902182163194;1.4043279204502;4.803658483097893;2.4466581815444783;3
10.446661530017378;6.060804313129929;1.2310047939570954;2.263461125536507;1.0354886592288624;1
5.867918659682001;4.658242227317493;1.1313798551263172;3.8720681167535087;1.104818586129521;3
4.2537232330168635;1.035403383729165;0.4108443473374347;2.2141637315377833;0.5040799067359987;2
2.9234705277734796;2.9066929581484082;-0.5707054140309353;0.9927466312923673;-0.25143606664787144;2
4.847623157740946;3.769143796391033;1.0777914442916208;2.569456745200447;1.6138351650080303;0
7.452470326741733;1.75605626170293;-0.26909832317088733;5.466249728410851;0.27639616994715144;3
10.62268886093331;5.559051426937173;0.14544089326215426;2.997300434071238;0.7638523019800573;1
5.529892031651746;2.3544842730756623;1.1087241440739621;2.9489465011634657;0.9894044322565905;0
6.533318938066985;2.306624572408518;0.10359158927805967;2.069755955561349;0.3475670421186605;0
5.656798664183198;2.6387686902478382;0.5672845438586883;1.6764072979064704;0.3958526407973791;0
6.5502428414635325;3.526376929134321;1.8495040003876029;3.6534803694584226;1.1446900862668357;3
2.778283842699985;1.9211164425969993;0.7956283028649038;0.7379414576570695;-0.4639462604432075;2
6.135958334248483;3.8895619597638484;0.6840351368489861;2.9828166477934683;2.9705090080205787;3
2.483347253895858;2.8420219820751145;0.7187419635234166;0.7341735873229107;0.21230421956045398;2
9.558513483286042;8.046559428534602;0.34860192107408916;3.1476410425576296;2.133687962054301;1
7.325275585545793;2.8361726106172167;1.1151512800581083;4.405543071576285;-0.8828347055789476;3
8.000475428101142;7.832754058072593;-0.31165797341087687;1.6836810024344864;1.7180563456077123;1
5.707681428518326;2.8157657652152435;0.8529083252536256;2.080663936460647;1.7113736686796646;3
9.742143624630929;6.973726816660397;2.017052841537961;3.7986487185183684;0.5547037498255613;1
5.33081823768913;3.179220814019713;1.1878836887618598;3.1658321111238035;1.4100590455126913;0
2.048410012657225;0.872045368916573;1.4225791052230694;1.2337685064225423;-0.0209756391258199;2
5.074501159384328;2.8215159478054015;1.552795092007882;0.14432113412489178;1.464054796345723;0
8.70695151325073;5.157054064682916;-0.05424233726335448;3.7602460735788608;2.2684906980655404;1
3.3387635555361603;1.3882013967847306;0.2858687094754571;0.8953874452582985;0.6351847532245649;2
5.96200083711483;2.481390087600361;-1.0145032480811014;2.7800972471989396;0.16188113813255867;3
9.775119765691237;7.438149221479618;1.312674289013608;2.5430568081737626;1.358066225084927;1
6.23451824912766;6.236670925011003;0.8382977798801816;5.147851664199114;0.6634570097804938;3
5.772311317411565;3.0799593540634276;0.6052112330233144;1.745471451450301;0.6601380633952527;0
3.2529519663686735;2.5033643002817674;-0.07035191192815393;0.6650189476323817;-0.16009253978301696;2
5.173754410410235;2.678447370321829;-0.09489105862535419;2.5812350715809718;0.10074132186379292;0
8.419626746916903;5.248531684944997;0.6847299554227076;2.032244205727114;1.3799429839969637;1
5.553722362930133;2.363428781643683;1.4819560176552695;1.0187042560454036;1.1107999656601892;0
3.2232632835641177;2.2334955174007574;0.2681276081894728;1.7341413294511765;1.1578815402865303;2
7.170531839098973;4.906699575875678;-0.5294304012020633;4.166239427302975;1.6441239837595896;3
2.8764843414717958;1.5520529920758568;0.19393550213053073;0.07082902068175201;0.2053077517147372;2
10.37501940486002;5.2012916486493666;1.0414335198555729;3.6128642227077523;1.8815465791074462;1
6.8366471540779;2.0406414582014305;0.7606289974968508;5.285971937032211;-0.5267189188378951;3
4.655796023346647;2.23544958030726;-0.005378175424499254;0.9846554126848034;-0.5614455429334708;2
3.6420901429898564;1.984087244450564;-0.22912479073663067;0.9021598216337416;0.053058413116130576;2
8.943981991023435;5.510584727275772;0.7703705623612704;2.656558220386192;0.34606321610091517;1
9.63741756053818;6.557109957965372;1.5642441668564087;3.070725509033478;2.0820240648442097;1
5.762265417877156;3.044996013366824;-0.25442134455051424;1.4992874035180224;1.175718424254273;0
8.724237546186563;6.410880085255773;0.3738393282704709;2.0640665314317697;-1.3978097706253196;1
10.034881957097962;7.356040832344602;0.3018805106124385;3.1556859641897943;0.30602353144156136;1
4.445235483097109;2.9196844909731707;0.85349109528632;2.6060286359190847;-0.14020748493904334;0
6.768852698111536;2.6283918589557755;0.15739239023724455;2.7309126139483504;1.177324042738418;0
6.032218846255686;5.5087537244873825;-0.2509561919484581;2.9619845404636367;1.8235830881282564;3
3.0626135625139277;1.460729571006123;-0.49818817544339383;0.8865277655337799;1.0529900671546755;2
6.2942692664617415;3.78859552068343;0.31177791661161863;1.2254318638808308;2.501351862274902;0
2.130212868180882;1.4468841121248122;-0.3023744232488991;1.1243603976393663;0.5416066022217503;2
6.732266019213535;5.180785364716552;0.8887071533394155;4.174646749245286;-0.3430549798408289;3
2.3899901228541016;1.8535517157954793;0.2764156274234213;0.9193019293589604;0.7003159799411208;2
4.4449890174163595;2.9250787480318095;-0.22466962569356186;1.6124454862569726;-0.13851452481219395;0
8.325403608175884;3.456417436627693;0.3934062101756876;2.524464253727109;0.4467760045452144;3
7.757785325906914;3.6677135195972985;-2.0162893973894773;3.6626601490403745;-0.13468943875957506;3
9.554006571993733;4.904157616336738;0.7293743613189962;5.063767470123455;0.2570603456242153;1
5.495426354818833;2.6062732568740126;0.9426854173388646;2.6807881147387107;1.1352669735520373;0
5.363818697151561;4.6837410659357515;0.5149871570021975;4.377648974821707;0.02250533546921052;3
10.4182683904284;5.541039996849137;0.7805163261912138;4.713816286889491;2.282034536080569;1
10.045319939917686;6.423754203485385;0.743600977552727;3.3892013150609617;0.9515795318480962;1
5.4470147211441615;1.8369359564117282;0.4537441409468784;1.1522886601662803;0.24371472453848858;0
11.116547048631965;5.550265578737358;0.6326225010043778;1.6532494462232397;0.255303946803049;1
2.883704316736318;1.8412910952136334;-0.9023174186440519;1.3812508181255359;-0.24355503691208347;2
10.950143510769252;5.6283061621612855;0.9609277246982715;3.226630297236914;0.6928760210367382;1
5.041452903810142;3.0097505043390624;0.4831124390229977;2.1386593325374985;0.5989477116532402;0
5.124390700653278;2.065258948902929;0.7661384957041742;2.4274100216986763;1.0918533135517279;0
2.333125225837781;2.147902867059203;0.5989330490980711;1.6840894231127599;1.4483244119410241;2
5.949368019999576;2.9495929148937665;1.202473028524417;2.2531452175333437;0.248416171776413;0
5.3635425599688205;4.0729172391018045;0.4238678960801997;2.281198205469259;1.1831007941977787;0
4.085583809839866;1.8691724627645756;-0.2085803571714509;0.6087466668441637;-0.15377982240543298;2
5.435994952643249;2.252665699432184;0.4003343604850946;2.084206942198329;1.0601071838411242;0
6.867677118912235;4.756661033916594;0.7870222566179821;2.836637187562964;0.32104829318552947;3
3.432937503075686;1.8614801756931385;1.1719563979926206;0.1968365201660508;0.9157511738189666;2
9.873176341578423;5.978156368392055;0.053385632741443145;2.645374199046792;0.1921578287784792;1
6.842667445386173;3.3453225306166225;0.6293852865864117;1.3991495538731504;1.1902169155862938;0
10.280504079418847;6.391349704118131;1.307777174849416;3.8877598735649785;1.2278549255428102;1
5.163950312775564;4.085350344969854;-0.19884782851715366;2.6890256789336084;0.5502078090421437;0
4.845321280326744;3.4299166900303977;1.0302553970331134;1.6286491966726309;0.29692723154872397;0
10.289202820164881;5.08501903414347;0.8868477646212185;2.9734160074844316;0.7335065141819682;1
8.533694964629943;5.122202543981247;0.5441963915705714;4.856304349352278;0.47014368166875337;3
5.792085026363397;2.770758260126105;0.46592762120943276;4.452505984205675;2.416724740634267;3
10.322984072269287;5.980643514887267;0.07703851141589746;3.2594874253772823;-0.04323183292784205;1
10.554484485810516;6.14115324422178;0.5063777287333422;2.3379278234810243;0.9689151064370998;1
11.098926836130365;5.890041188297847;1.5622996377623513;4.289822606390916;1.9519315628672378;1
6.9590389792288825;3.618187299941761;0.08715036458511705;4.2965578620157086;-0.5654563270045112;3
9.761949197312006;7.100565450649295;0.6799555303739786;3.1004611627772336;0.7615425405729044;1
4.642988520801677;2.81108754529464;-0.18513460104761514;1.688994717946722;0.9641103451313965;0
10.353552519655528;5.127680738045723;1.928745903797016;2.9211294941725905;0.9150796983558781;1
2.692071860117049;1.8628400507959888;-0.2966096247651074;-0.5374001952771863;0.3853833424398986;2
9.92757337415667;6.265584264455212;0.9523997438232532;3.5675614537112317;0.5516109035441253;1
3.09885650474191;2.0305326211136108;0.4040049986222449;1.1463719187451002;0.3660786472191169;2
5.250451152243798;3.392549168457764;1.258135870222694;2.737661436424432;-0.2643685575699637;0
6.01736913398239;4.105700502011499;0.1339979809927122;1.7058692280329;0.5027507737976449;0
5.23694748524609;2.709298460269439;0.9429473062743994;3.589485000463077;0.8273063785409466;0
3.2630854432858363;2.011769994616394;0.7037167415800919;1.3550884802448269;0.28757557343538576;2
6.2561905044624515;2.63767209067468;0.656651566147229;1.9885039727490736;1.5318752914136589;0
5.648324283272149;4.336591648329091;-0.4789973016733988;2.3940784656833998;0.24455020161472113;0
3.407485665262917;1.8187727003060814;0.10233132819174517;1.4391224225729773;0.7010348174504705;2
6.2579372546250935;3.4522692490842695;0.12392006274238626;3.0490981215157724;1.9007747603857925;3
2.589222104543998;2.474375359497661;-0.8820622906271012;1.5355584029795855;-0.2267031575684687;2
3.320777451673461;0.4185513565898733;0.3020253039582966;1.1966927037058512;1.0545620837226979;2
3.159526937791229;1.7379681583756428;0.26032043122450654;2.2598330734999093;0.351784579552402;2
9.962463536896653;6.3816326617784975;0.8614575128482044;1.9736062206491443;1.697013455557712;1
9.063909579152511;4.558415649935984;1.2331701825638306;3.6073241282421176;0.43879167941862446;1
4.664578033508297;2.870038716335328;-0.2744344818042197;1.1626553631435304;1.2687680756759385;0
10.166706246358043;4.366612105260567;0.6022580939835225;2.454412601601761;0.09870399208406755;1
4.720978523302283;4.613862541056368;0.7135601132957704;3.7997725928995614;2.6421759761476022;3
8.591389792675345;6.602673296883626;1.1049267079062224;4.031802203266197;1.4385450810159668;1
7.6656878365522045;2.2815795212434367;1.7864720923674025;4.0654124718964075;0.4296561698940378;3
3.2834437667282264;2.890469617121579;0.5133680092713959;0.8121651816861074;0.49957484325401247;2
3.515752732187881;1.7677216101262911;0.27275326924065707;1.015233052325446;-0.6518038937185937;2
4.611360331314761;4.316809948608413;-0.5136097302913707;0.4608358303659428;1.0080101150373326;0
6.6759646581187155;3.3447306119302107;0.9360137037402583;4.281140389419915;1.873461648874773;3
10.74227210246499;6.045610499917667;1.0148738230906056;4.222774741130025;1.3062686050316992;1
7.29776617415402;5.305901294318202;1.391475337023663;3.0303615307137175;2.038846805017584;3
3.177945327084457;2.2779108771605507;0.41837535937872383;1.186785204065731;1.5199744247458282;2
6.705684414151206;3.8078888985846056;1.0465792686269846;3.5182149586891067;1.2603496178256752;3
3.3777177505330864;1.5174105442040047;0.8372132584575598;0.6210533625008012;0.6518991428227887;2
5.32347243198429;3.139341786901429;0.07984818598884375;2.048861459493013;0.43028048219676784;0
9.807011153714937;6.281644317211438;-0.20123153935235516;4.155011683258608;0.834279057285945;1
4.719145669679914;3.1568647372672918;0.5088146805472564;2.0683732689841823;0.15889315130117343;0
6.454146950605835;4.410313775653632;0.1868187208029074;3.37485966775317;-0.2389264014096859;3
11.347142153166295;5.632892589704848;1.6629446667450365;2.9691932243994343;0.7618981600473443;1
7.427887614273961;3.283998638853206;0.9819545440749113;5.151566802784143;-1.195136955418658;3
9.08292368558505;6.242108372191226;0.1965793199845136;2.948689322725606;1.1630099282427844;1
5.468770784181027;3.2566187722677937;-0.15791585042914869;1.6402931578643145;-0.04144946532226612;0
7.285707935125157;3.7004256360557397;0.5159518269900465;3.5236010987964663;-0.5630232782626903;3
6.805899126207131;3.2143350185916697;1.393266776031214;4.6490218262910235;-0.024646690507352464;3
5.1893197780458875;2.964833323385604;0.3327363671935132;1.3647054365708815;0.2962600686021671;0
2.6245936275022723;1.2084516832407397;0.17821161756260573;0.5199768613614122;0.46188525523078694;2
5.4540969213127495;2.883017343778202;0.602699580503326;2.8445562765558496;0.12814503030893476;0
8.812081625240078;3.9568630920784362;1.5474559289914191;1.9064970412676632;0.7201876784858532;1
6.521907134853161;4.4354889860692355;-0.392062934852781;4.613223559398653;1.167746576931591;3
5.347699907107863;2.903214989180171;0.9533819766704847;3.0661208994856177;0.5360926376936648;0
5.399623357485217;3.794895948126419;1.1678012344452415;2.455973875914059;0.47931152875175803;0
6.767031039667152;4.317254471521192;0.08668377022768747;2.361457029506335;1.04305162255228;3
10.24592535824728;6.652589770031438;1.4883787906877963;2.533538049144849;0.7663026289708708;1
4.499954007381542;4.306042157801329;0.8316830446382513;1.166087551958146;1.1595875260436808;0
9.774937954305429;6.0535925737798975;1.2127513741632796;1.7499633144907658;0.4767578581229642;1
3.022942796976017;1.1308451512198734;0.12019401119592776;0.9698772297749532;2.072475854617985;2
6.518198421685399;4.3226082563886585;-0.057860648143926;4.682129664931257;1.4169569649111837;3
4.965375403243297;3.4723736445166224;-0.285905415093609;2.2676868223288356;0.8165165457491392;0
7.226326248046461;3.8251577812193327;-0.0802123501425267;4.943836413774907;2.2898664017794657;3
3.0022174031087085;2.6068778212450137;1.1048855493185286;0.5545094604769696;0.20881649877927905;2
8.098739168931743;3.21090359690934;2.140836255616103;2.4271271411545645;1.191293058101202;3
7.127131426078717;2.0824901681735195;1.2913864949685636;4.193856854910659;1.2574417757071306;3
6.89014858109085;3.5879364524357595;0.45657399106868407;3.6664755138392953;-0.4132424007461504;3
3.738524707892841;3.0110085672251055;0.6377285161046129;0.4721113878987675;1.6922366670196647;2
4.507776502411879;2.975508056652127;1.739560444944857;1.5611230595485628;1.96871399059785;0
9.981705550160894;5.200558214164071;0.3961800630174261;3.6724960212036426;1.3373868545611036;1
8.364754649728216;4.541906488353235;0.6648331751553702;3.8090119270889633;-0.056726614020012;3
7.549194552630301;4.141275664871591;0.07212185739245802;4.201794763861714;1.4431488115729563;3
7.423039768631382;3.3631366946601764;-0.04095647775843925;3.9004011682984037;-0.006978004583687358;3
4.809093501176631;1.1121793499409;0.46199359343753144;1.8383458288539254;1.1873444553693928;0
4.424445723103498;3.1705810480443386;0.671476599776106;1.6451397772402092;0.370273186067174;0
5.75154222490184;2.281439290412258;0.5930787719028132;1.5099154295425787;1.5365326402473896;0
6.492447260747581;3.265404479912232;0.6703287566726827;4.775472512048149;0.925154358788076;3
5.466515571855953;3.167980610683401;2.006599891657378;3.753406226353626;0.5809544185624838;3
6.3637966888113855;4.770000093118641;2.084532804891529;4.963549503981268;0.14335777717333142;3
2.6814174613128214;1.798917331297129;0.5054027006937729;1.9324962524288645;1.0123855859313342;2
7.166657983146923;4.382900377765755;0.8000608702207687;5.150979231982054;-0.057084742664917254;3
3.914535598253707;3.047994082364219;-0.24361259960827342;2.331514701444627;0.056403036036337784;0
5.531278454345287;2.4590223498237;0.3342269752819938;1.6602455165196277;0.7573118975704257;0
7.427650971845844;3.9978365431730314;0.06965551338962439;3.0170527305537194;1.551276193692394;3
3.631168570633751;1.4011636236113523;0.06961723682858906;1.1501201237510168;1.6974004938703786;2
3.6726184003946827;2.000124238950918;0.2944198073168313;0.8032631700922492;0.5931144103153875;2
7.822394459247027;2.60884319197834;2.0308550803626155;4.516664098804601;2.059635180631214;3
10.367977714351293;5.457827704198315;2.4107097980212986;3.1092282648661898;0.607742758950313;1
4.910457685963463;2.331121691579702;-0.6245124241803006;2.142424545107056;0.1705544783009877;0
6.6202609966714565;1.6929143651857765;0.9803821332621594;0.8710988901672438;0.36964769394739655;0
9.499549838792376;6.316642826749927;1.195224149026191;3.2085390126591258;0.45975587692366393;1
7.030624669965009;4.100235341656047;0.43881604348545933;4.356237802986331;1.4235701802360303;3
3.633538540334249;2.8937504334750916;0.9118220445392036;2.1966943074145227;0.2641103361255843;0
3.3423677983317184;2.5809107963197166;0.10121497009000635;0.6326579592953498;-0.1510903159346788;2
3.9200602207777955;1.1456257085299129;0.14000860245935112;0.7424533478208029;0.8531319618624318;2
4.76495071049691;4.168315067702575;0.31828605404547666;0.9477999328173257;0.5279798551398389;0
11.551143199246628;5.19973494031554;0.2578040235801188;3.411126279727132;1.0436654255516784;1
4.491979330792574;3.130736735133955;-0.028768052647325737;1.5719375379056362;-0.28466276779375554;0
3.628390623972869;2.701753995456664;0.16236555355918333;0.9739138301116825;-0.41866450153343326;2
3.883900638843943;2.580437483932359;0.5036705898027282;2.0328864156353195;0.3849541699645294;0
4.446667881188282;3.330027849995197;1.8174171475325236;2.9417940323084846;1.8152306386475778;0
2.390943484903279;1.5134854932737971;-0.4545467153487697;0.8595880845358111;0.7798150246678006;2
4.496109054123704;2.6775528603281487;1.2399855583532409;2.2405328026979228;-0.5341281087539138;0
4.836104130135574;4.105448970855174;1.037204310407036;1.6713679298455335;1.0797920305101751;0
7.402185250722428;3.6917057192280116;0.7534173938969138;3.133540691243849;0.614049848273558;3
7.176518313121517;3.1863385392375996;-0.7940644725481275;4.232178383099063;1.793489608984632;3
5.575331753062657;3.06093294776672;0.2906948546738928;2.0642325435748514;-0.6912982402206249;0
5.967077749165899;4.076688504670511;-2.092022373810651;3.8317934576542134;-0.667425919343626;3
10.349058935739226;6.03040278253456;0.8960250613746091;3.4908143781843335;0.08176594784127555;1
3.2181791295749806;2.53213243405838;0.04754292379136804;-0.5625283139762804;0.6193688880778967;2
4.7835795135719525;3.155493640143599;0.16487596483556588;2.8790292879014645;0.07377488844634728;0
5.03317906992149;2.3977106443012333;0.23081111903912227;2.704404966450108;0.29617569133379584;0
10.38778625383558;5.322914676007301;0.2851601341460305;3.823968654064929;0.6321797343147673;1
1.9361805190758712;2.757152900428395;-0.24343938051757136;0.6077401968107081;0.14260322357390476;2
2.581936908942255;2.3492159402508364;0.45626535800013357;0.676694886284357;-0.10513281044572487;2
8.52615059002978;5.7075598252958;0.7410243554218722;4.921177579766811;0.9577581010405315;3
4.563801631502665;2.6111660165878217;0.05382901088543762;2.8323115717752865;1.6943529735928982;0
7.227016356784009;3.8953938611902377;0.7932418648534737;5.420306251805966;1.6869047170536966;3
6.228905115555887;3.50000789846182;0.7839501284426791;2.91806542653152;0.4438873594193626;3
7.961541400324615;4.543708800629666;2.67327487689431;2.6685001991742485;1.933309915808119;3
3.189693574309667;2.281560553885116;-0.6213432739242635;1.4540732079921892;0.8674812764081614;2
4.126551772624605;4.1426879127521445;-0.5010989645724429;1.6919688593121114;0.7915184041002639;0
4.419703492354549;2.6078732718621214;1.0231055235862834;2.4272591858034254;0.6853688842250962;0
3.8923476932015566;1.6519680551779743;0.4436427003212262;1.2998110661817603;0.7832013625515646;2
3.6429258913409313;2.1143813547590145;0.8647863484604899;0.3804856578834763;0.7387562299680853;2
9.942718992468748;5.970222210792127;1.3821036349095839;3.0415567086458397;1.4861120617724635;1
5.574337526838155;3.3550918217751082;1.2466722827124077;2.818506913311971;1.6675112937262688;0
9.853682847116128;7.099901135318548;0.2832286567003718;2.3606463946797973;0.5138051822543741;1
2.4217446442736335;1.4257094510629744;0.5062727289299312;0.9708085890577293;0.5196781972469519;2
4.714347238884914;1.5733128253755024;-0.2056604176421828;0.6904456552819012;0.45394056117108394;0
3.8042766310742087;1.2202512578434415;0.7978394507275046;1.4868379326949552;-0.18895797325157093;2
7.266062039872385;2.6350217055212877;1.929240983506447;2.948998403858859;0.9950980073863662;3
6.730145623352607;5.713722930615706;2.063363023825857;5.99690221010332;0.6568593106399538;3
10.239434064325193;7.041393031519038;2.0492089573814822;3.0256033192526135;0.29726570372305317;1
2.6028106933220347;2.2555323237158214;0.3114886664494512;0.6151078545734143;0.7927233709226444;2
4.442173321170666;3.403950489026378;0.3578682297699051;2.259802111359916;0.27721036929892556;0
9.794098770061323;4.665132740897929;1.1193784980842234;3.517756751762193;0.5134508301605007;1
3.635961830427973;2.3702035697460184;0.7101415939202865;0.18042657327967948;1.2271663912318402;2
3.307851252058376;2.4350574721087983;0.609706972268975;0.6151110428662288;0.7591535268043643;2
10.470862723536488;7.335923603481125;1.115737223858385;2.0432935503718523;1.2556821345761127;1
9.987752120661604;6.463433199680871;0.8956642947313227;2.2215448472947554;1.857257201331593;1
6.313757068790646;2.458347560627499;-0.3712582923179919;0.7548958257670051;1.747231018042428;0
3.127976224423763;2.0007232852173344;-0.19025317864091434;1.395547401059443;1.062542082575935;2
4.711686123714273;2.6586756431492544;0.19720926852626536;2.276116499664808;0.4053108634258159;0
5.756546507888235;3.583745508184233;0.8214260554599057;1.950884001978947;-0.462672653461194;0
2.508942800434799;2.9194206348068694;0.5999184742442227;0.16041629511883515;0.7205895757948529;2
5.15505284928027;5.043166658460308;0.2973707351870352;4.382940939916208;1.8775222312807052;3
3.4922064075674735;1.9798324611777722;0.5728445472846806;0.690142213667457;0.3821200499431417;2
4.4475692529677495;2.4707625727388143;0.28844377215936323;0.8422655024750394;0.5134795356872278;2
7.896023362601827;5.532855348926234;-0.8742261516924151;2.3922620811807818;0.24016867500105676;3
3.5105387773007832;1.917576926960362;0.5342789099573337;0.9380669482405023;0.659217409639777;2
4.642149026498171;2.3072766258189934;0.4119491559302463;2.039007438602086;1.465934062929664;0
9.462701305649558;5.979556743206844;1.7381832154074919;3.434880123675546;0.6035085343311153;1
4.043339798278547;2.587314830469077;0.3511908855390144;0.5150405670154442;0.0017333560660608427;2
2.1797173161238526;2.508904527600001;-0.43951398886110543;1.3313799626077139;0.8753785601876005;2
8.426914728499199;7.644965703952257;-0.0825666925773465;2.8229971011313824;0.6785493600888635;1
6.722972375975004;3.245272781397492;-0.1980128300551116;4.48133560271132;1.9060824522401558;3
5.765493672492581;3.3615030978152083;0.34030617371186567;3.2946218309880146;2.361442918253128;3
6.72803747171564;1.6571766209554313;0.2748204942294385;3.942234254840063;-0.10953839793602205;3
5.4981304146622225;2.2127505357134916;-0.5738799195149356;2.8943737753289565;0.9326198083857141;0
7.2401365566658615;3.694789948656965;0.9330550037420597;3.888640587910219;1.2120250489332063;3
2.674395720159587;1.5273297488550566;-0.0725085589506696;0.8991137088491262;0.21674565338172358;2
1.8224245849964527;2.209790028379816;-0.6388816628172331;1.0572065196647848;0.3419310703506505;2
9.897169990848855;4.494520763601889;0.36102007380723083;3.074275920912892;1.0278851135979203;1
10.100179602118326;5.656475567099798;0.897838002425827;3.4346384232291105;0.9390880562605635;1
5.796947105011663;3.6293589679327085;0.7187351700947613;3.5909070531309;0.6032120503084677;3
5.0678971754949025;3.4166099178058396;-0.07275447826343073;3.464671092979822;-0.004212167049791438;0
3.495058958800581;1.4797218705734598;-0.09486989344515401;0.8177643827340012;-0.3075225540839289;2
3.5127151362399696;1.3448396597628123;0.8341485005019051;1.1031036038761188;0.8319507319908701;2
3.8416003296939616;3.57621940877334;0.5513225770318827;1.0970273701812623;-0.20655514044453127;0
9.073308248645965;7.20271864141372;1.5018898324605372;2.8232286609362687;0.9215086711956246;1
6.570118975656396;2.8703781652239444;0.48511078663362883;3.495453126837421;-1.8365038210020412;3
5.843874160870028;4.88003399471758;-1.2950822476562922;5.038231308985233;2.047714457536559;3
3.592400709953461;1.9544293858144863;0.10809148604709362;1.0910547953492442;-0.0010857409780138383;2
10.746072665498472;4.865307413653575;-0.6086470495846208;1.779474948343924;1.9100672827417458;1
2.8944873573407572;2.996882099436811;0.31253189297757705;1.13842054343121;-0.2560988591035481;2
1.8740683763748756;2.371826867579682;-0.08121743329537762;0.2862000045457832;0.12539276617206557;2
3.9202366259498995;1.6785191221686213;-0.7244147745557679;0.3300853360308046;1.241486972004163;2
9.613551158653248;6.11743440958844;2.0897765026043396;3.7174714526924255;0.6851754816753342;1
4.661036148993624;3.8868378044306358;0.004631374066853489;2.3106735997023597;1.2422438374005358;0
3.532374502360045;1.5420283374928512;0.3227627012685612;1.4099973956866416;0.37441170825238307;2
4.897059832948503;2.422151962245242;0.2750299108429046;2.289052017992937;0.30539281303721766;0
10.514178207894036;7.063322024105945;0.9572169357611762;3.5672030060708098;0.8282114445702187;1
3.2896127323255278;2.2520566942711047;0.6641103559294026;2.2339261388977247;-0.17853306119554935;2
3.6582916270522174;1.7126975263949575;-0.21766545842587232;1.4160873471483961;0.2647924160485222;2
7.675521250769589;3.6254250356032713;-0.417062405136322;3.594988427803768;1.9314342951763157;3
10.518624347075088;5.903241481113775;1.1356259551256223;2.29000625775832;0.5500333597412717;1
7.278999084849;3.9490703599900936;1.6970737108142968;2.2440083223652376;0.9292291428546442;3
4.871211664553124;3.012903753145775;0.7433071937531697;1.622168223783447;0.1551866922183811;0
11.311293444355254;7.342160651261152;0.3571294066336044;3.4551864633482205;2.2027172985028307;1
5.217635295918603;4.032749351864687;1.1003617362414135;1.888043029025601;0.6866886544681178;0
8.434998152574277;4.611052288986009;-0.13116211404367806;3.955873593245767;0.6556759270596524;3
2.991697352343458;1.5861633355614957;0.004126306560136794;1.8661792020812884;-0.25390413656755373;2
5.0325055837093045;2.0481007013140564;1.0223774962190544;2.451838926798753;2.214278306313822;0
8.3530778455861;3.702891915430195;0.40949971626194076;3.435039484523945;0.5407650134701313;3
4.3711097300561494;3.344343420054554;-0.42416324491444946;3.282021136098048;1.525608084504901;0
3.328271469105126;1.291512310814693;0.9685930168013233;1.4292287892647464;0.9309114354247607;2
8.975756481063284;6.697965862624116;1.320160942366929;2.920659308976494;2.3773095968381326;1
10.957305189316521;5.512173676544494;0.6927862666616659;3.0117505557833577;0.27208134953420793;1
