Class,Height,Width,Density,Hardness,Color_Intensity
W,7.694532271176255,4.865293552250729,5.365407810135075,7.596875627854363,5.8214342163620465
V,6.04309932615144,2.2883373439946935,8.111716323086231,6.309795026625145,8.915807154618486
Z,6.634928707446015,2.2850269110610344,9.905889183811473,6.517571630839086,5.612489309829946
V,7.651247215297831,2.04843390093955,5.9505382489186385,7.703922891948242,8.174533295765814
V,6.682573854410293,5.82600559319792,8.962975581441917,6.889072840539865,5.619230133529087
Y,4.186425693114176,4.950033437836028,9.539493968898096,8.814947185953947,5.3526781879647825
Z,6.0932976207506595,3.4130056340082566,9.718507964101104,8.456220688452152,9.547147518429384
Z,6.230217708722852,3.186142325150621,9.800678022027236,8.95070161954099,5.950643831593529
Z,5.408588020860737,3.398812918983398,7.60729819360736,6.779012516851242,9.106250772798521
V,6.813999060311253,5.098614124724728,9.886539539957518,8.909170898393931,7.723154355535679
W,7.704651566460567,4.645482444281658,8.786551035672193,7.293701609374674,5.389282598043848
Z,7.665058308080494,2.7407822714698717,5.808357181184809,7.042556385941264,9.777240957190337
V,5.528777171318595,2.6964373413363374,7.38450053233985,6.15104858090806,6.234805834959463
Y,4.009571206283399,2.3935825988535893,8.59165587686002,6.158295773578808,9.298226726763033
W,7.931785395330506,4.641210878805353,6.236701579095417,8.076033767839963,5.844050028922821
Y,7.275041389006704,5.057490648886944,8.203075917744437,7.373786983302084,9.269714410709264
W,4.0609820654147,3.060185713300016,8.333002395233096,6.679564878108317,5.06614406452647
V,7.643788471778175,2.0837798441236512,5.81349871904283,7.841910918975698,7.558902282847404
X,7.414533629279577,2.3286866699057094,7.8254265622637815,6.758574354750333,8.847212897107784
W,5.834771257067325,5.871440139380121,8.858134554893038,7.732895263033267,9.673977587463916
Y,6.160739460852182,3.181779109909681,7.49447832267971,7.077626240948071,9.546010681032435
V,5.295512167415586,5.076892591352534,5.060515583880537,8.470656679835457,9.098124347738224
W,3.7464273746991408,4.498654275417055,5.045192345396461,8.462088482300338,9.44095674830652
X,5.008387587406554,3.5277585586115836,6.7851467198500615,7.4320511943672045,5.996098429185382
X,7.112840518691051,2.8227490487822204,9.63097034215891,7.052457328005047,6.420921478558643
Z,3.5208441035207128,2.4855456726376257,6.143383898018044,7.087679389677284,6.444842624605292
Z,5.000746272610149,4.460051872155466,8.171818444358436,8.417143577004653,6.885269655008495
Y,5.291759121159245,5.0985351225511515,6.110379353466603,6.984538448392836,6.966603351925944
W,5.918280213220653,4.575617014164523,6.608349948297743,6.627178121120538,7.722776623273377
W,7.639350273857422,4.121208532996633,9.24021044800742,6.254065025625921,5.799398816832207
Z,5.058556974646826,2.167804893726545,8.644307211349734,7.400079362653225,8.456233318929947
W,5.061289408533025,5.873955110377535,5.476996386566054,7.446396296759525,5.837832696522533
W,6.818755616493868,5.194856766618298,7.143510104932168,8.52272613120872,6.551542410522737
X,5.534980734004132,3.171288146803859,5.145848818226322,6.663716089338192,7.51672565303077
Z,4.510721703229919,5.919881317435403,7.404450733015045,7.142973821005199,8.982202807617387
V,5.53597782259712,4.407526358545288,8.312170058505341,8.425217216681073,8.697346166193636
Z,4.133856591709099,4.329690632828986,5.592513117990758,8.47087083224692,8.22767178205261
V,4.293741439278005,4.992292717718128,6.444424694545829,7.153833227936305,5.778866302900851
X,5.742654977327659,5.24707915236055,6.989183127510785,7.3773720698600425,7.735226728077889
Y,5.385164522770466,4.625914429326011,9.597655123280248,6.909857672547849,5.437232508999427
W,7.61680655480645,2.5123829854648,9.966275077114819,8.797664635257936,6.886815883983254
X,5.130772546024849,3.3530700239779936,5.22455649497808,6.355931297224741,7.067582651449795
W,6.112647576251195,5.712334561304199,8.805039617476961,8.801248269004411,5.199057197228769
Y,6.345189295637887,2.8984624473754077,6.858620332011716,8.05159935550603,6.369940497349859
Y,3.5589250546475015,3.4886680953500533,6.9622909311474,7.594716458060193,9.778247336332447
X,6.485918174075198,3.728307531776784,8.771324866735114,6.097977182353487,9.768163039148448
Y,4.301161850913881,3.7576199587778087,9.592132160727044,7.426788575466025,6.761635271262696
V,7.824816428612548,4.451758329978102,9.754642972512741,7.223244315008197,5.21550054474162
Y,4.168982274889008,5.772303350978831,7.885612930191604,6.483656435925368,5.895474696640908
W,5.365808556771607,2.96277084733002,6.785605796502514,7.969228810501971,6.961088967167701
W,3.8840735063538974,2.4860055052036723,8.937745429293896,8.913452722104857,9.73889848984615
W,7.985934133306763,2.7898819594397493,6.255006916311501,7.686566433193575,5.705995317685924
W,5.759877546490592,5.547699600837078,7.820370144167589,8.144259829331837,8.817579218341061
V,6.179232577940197,4.583243250620824,6.792892307624365,6.20535135769805,5.54341269687346
Z,3.8018441482479237,3.1436271569566405,8.283155368539381,7.253000987450984,9.906287886956385
X,6.874822116796301,5.2637877558744695,6.201994564467535,6.349075455493487,6.908082495545675
W,4.444575168930136,5.445479985453744,5.957964728674129,7.838387506609531,8.876172694495281
Y,7.541244302483212,5.386057354761112,9.591195433377186,8.815446474642464,6.712955414055659
W,4.423128382169033,5.675706134558218,5.509018414747684,7.985333197414915,8.138344385794044
Y,4.358094742986499,3.0089640806934463,7.529789538674658,6.230409144943264,5.960080423700184
Y,3.664473505316427,5.020167714985114,6.104263914815045,7.063998614955248,5.730105096484813
W,5.6243012529949965,3.84215798909656,5.1946498166283375,7.651990138322555,9.690320697840656
V,6.041785099681774,5.367994211560246,5.180094091457132,7.209623268399756,9.588236389522168
Y,3.795688877427586,4.913962708646453,5.876108860529136,8.500932031425517,9.437344701064411
Y,6.989874275127548,5.1057897859988985,9.33385177253,8.444013014129968,8.127167250832967
W,5.539799756366124,4.6246473507242865,6.4123937198851335,7.835493060309664,9.041341056081391
Y,5.85975621197411,2.7097150778788275,9.752295852876479,7.120373835398116,5.345184684556875
Y,5.483432361222027,4.180107675587753,7.908111464945968,6.766009121289732,6.673945209453396
W,5.303433773938967,5.938678958098032,7.183070948843831,6.317622954639388,6.568515623785781
W,6.018381490886981,5.749552265988475,7.900444173347273,7.064693050459662,8.178226609763065
X,4.198581106688207,2.1726949431880467,7.583491926131339,7.239517551623159,6.7797888673532025
V,4.31867658722872,2.6592592629177485,8.793881268786626,8.02746877531222,5.742533908218404
V,7.378035294560828,2.5269150938182476,6.412480329864261,7.97447947289272,7.982335377067718
Y,7.757519579601348,4.903919639941182,6.765251958001512,6.210324418923771,9.071919603345407
V,5.1798919232588885,5.27114131942778,9.470471512666254,7.185777946293474,6.910617472299866
Y,4.7183510291459925,2.8540454652426877,9.732282565752026,6.545336601652085,5.661343575492409
X,6.397997944575571,4.023410771807316,9.462791137432372,6.470438115950417,5.983440986564116
W,5.339303769941434,5.3628121120448,7.097239969786568,8.481906449211738,6.1874165258469205
W,3.614238600471552,4.931206179065002,8.901827515034409,6.125745650148772,6.4994879649726816
W,4.202686688147857,4.168948821967393,7.381678666505493,7.257548627706364,8.213975352531545
V,6.7218750298132885,4.361390761835091,7.487699260730511,6.504610967299555,8.004727422688596
X,6.465157738595681,4.03344218766512,6.023400545286419,8.637990647035423,8.480399307835196
V,3.6219319662656755,3.1901938052752823,7.9556515162925825,7.671121539825105,6.812509922657566
V,4.498874728698272,4.260087971436064,5.93067948876674,6.694141909130544,9.119988259399891
X,4.539836584646322,4.755541208200363,6.657823495335968,7.507281861499129,6.020438305778802
X,6.523517346194278,5.49329166344323,9.275151008099677,8.194459079109347,7.3452037375907695
X,3.588697419894639,4.545165415916992,6.035379046054276,8.8743540267583,9.004693607707152
X,3.968488618930582,5.044486148172632,5.355791425867164,6.661338012736257,5.900793238663097
W,7.0996223841793515,2.640286539818292,5.345037963064081,8.658545316388036,5.549315568703915
Z,4.303450979244501,3.8462298976791596,9.70392260251554,8.80291234250247,9.418419838439949
Z,6.437357485333436,2.037326479308373,7.534602189809173,8.749261633596198,6.71464831379598
X,4.571822514710269,2.986715458086492,7.0470603590850915,7.906243070585729,8.41935062454516
Z,3.9474862674170534,4.905846860452019,9.054392905039592,7.889461963304123,5.126743021319692
Z,4.594274859497544,5.967239805397454,9.179129639552581,7.209631899551468,8.450234442047249
X,6.750201193350466,2.3967123983488636,6.660955165578023,8.257193646911364,6.580506557734853
Z,7.350634106478286,3.605977263445153,8.468090287368977,7.593882055052796,5.278704267937209
V,7.235989390551462,5.200283874796638,8.855614079259432,8.032314213684884,8.049063807740584
Y,5.287325883283047,2.8161425385155954,8.273253434329773,7.285373711546386,6.204019080365866
Y,6.506383114567908,4.220339797209145,5.757975374000496,8.194489392129418,6.9340362102594
X,4.4224293293711945,4.932285184118699,9.379415417585285,8.473414552813647,5.402904061432568
W,4.81916478617456,4.463941801040717,7.695472763680043,6.439308769808449,5.7358162554747265
X,7.5335111833450386,2.7520989384616645,6.412362131850019,8.498789146722684,6.489886177479219
W,3.5585086557983123,3.4215382747429577,7.1261409271884695,7.6208895953709215,5.448797502800786
Y,3.8847883888451062,5.135167137941589,5.187855451994537,8.533997727270673,9.554131323431577
X,4.435488148157123,4.2169060565280665,5.639334006112088,7.293905119023044,5.030235215919892
V,3.6193949174321887,2.020918454171651,8.827733752579304,7.137121456149105,7.419301094321558
Z,4.316459457904088,5.043963040112375,5.00005817377683,8.745182197551667,5.616237290662757
W,6.123687024363615,2.1412454197609563,7.082829142411461,6.753507802645204,6.5383954473897425
Z,5.39641047766624,4.982935130924929,7.612550905427942,8.532636975858429,9.630297799091327
Z,7.517022699846387,2.8099222406609496,5.273172100004862,7.4520617175282124,5.808472766369935
X,7.178496027822984,5.832293920477521,9.865390814861664,7.542286327653779,9.829161598591664
Z,5.038178082640442,3.471763005208338,6.13062665624836,6.925404844468452,6.028971884947109
V,4.667405450440816,3.3077264653523164,6.520993598181404,7.719126601857047,8.707830542334147
Z,5.208615836752701,2.5955522013297787,6.519712561275137,6.975633588828634,7.733386324486559
X,6.156327241316635,3.2224168619608595,6.152083310586749,6.117808242724957,9.422393637983795
V,4.706286383702944,5.506603047312803,5.007369110431557,6.815995816033068,7.769966277515655
Y,6.308670085321103,5.985337350508989,8.646723970439982,6.019137130219772,7.6727960957815435
Z,5.342352434860582,3.4732381220273933,9.834227498996427,8.93506436117057,5.977290001841999
X,5.984212313833911,3.7944425238181703,6.121467416425226,8.897241629459241,5.831146810258294
Y,5.462569381108925,4.888283752810948,8.315235959017112,7.185465892416915,9.58244575557757
Y,4.825095917938629,5.5447831218602985,8.709481634793576,8.185112563018938,6.63919099425017
W,7.768039881329705,4.372177336747137,9.242126895452625,7.037418295231275,6.86041127481448
V,6.936226073718924,3.5661027927113174,7.113145985068046,8.013279471257928,8.79911829214194
Z,4.130509290949036,3.650487363394495,6.514654528202146,8.416290129137938,6.6941174121140365
X,7.4081058915406075,4.782472585987227,6.6264756701151555,8.840268734076723,9.760312233195013
W,5.693440392122811,2.0128730544171147,8.563106665492564,7.200636827549016,8.689638844994
V,7.525485021023411,4.478357349839363,9.083897332528181,8.349893948868143,7.9871462128671
W,7.099348651762918,3.4219720417654296,5.908069838783013,6.797785351896357,9.404475802723763
V,5.41346077011155,5.176789325108337,6.854705040788826,8.970996911380945,5.248029541747414
V,3.601111887440528,2.3719625592925286,9.50970098374575,6.077308796293053,6.2853134609460435
Z,4.709048117232257,4.352809067793562,9.033467598473695,7.8105864195033625,7.32518167110455
V,5.937353965973902,3.923891559544495,9.92429201381238,7.978517944953982,6.134892697357605
W,6.3506519892176625,4.56930210362091,8.771241298410404,8.064136671222386,8.71952593651076
V,4.660494584449411,2.2594143779318734,6.965976005139611,6.361162736367267,9.596040155268625
Z,4.127102333327708,4.319935149712525,7.953189169973189,8.81558935041939,7.118850599654617
Z,7.257186065596846,4.245938351838095,8.305071271236601,6.543549837150248,6.7106630005594745
W,7.929809813165985,4.242640377664683,5.392279081585619,7.868260209719523,9.807753660687831
Y,5.865605820362086,4.413950666385819,7.722484795519326,6.6680282373692545,7.224262164137704
Y,4.272556786317366,4.705871748905449,8.546604142363048,6.921649251063813,7.445242002246416
V,4.7253829693371605,5.219955998723079,5.836606520005302,7.639375625184373,6.758249361709527
X,3.5827580444636005,3.0792828805128574,8.903158587127786,7.25158025569373,9.547742365060692
V,7.614344629522246,5.300197640720248,7.918863902570559,6.480676802929519,7.844777416409254
W,4.029879873005635,3.9930227290538145,9.761108928487973,6.512809207262545,8.810872935908224
W,6.094324139814141,2.3082331165373247,5.212111491034459,7.254434364488398,9.059033591754432
W,4.733248493092427,2.234203716975917,6.326630687777335,8.271848934826503,6.709245209586291
W,5.99380101132107,3.336953274784243,8.007769396499121,8.693893940543365,7.1684716566019
W,6.431391747583389,5.13958790844587,6.482799561029653,6.252382986778149,9.242358872031323
Z,7.233838116682407,4.830723738963663,8.572120820356211,7.179311722678204,6.816276758379051
Y,4.428895722922714,5.154459858689625,8.795026412609655,6.3007366911686296,8.969675667259256
W,3.5494812289631623,4.0690762257664375,5.512579820332372,6.049777441897794,9.704961612872186
X,4.115985335309633,3.7607959918219622,7.569272321033838,7.98515604793187,8.116051865340035
X,7.550083888316473,2.589810106825136,7.5444527779552795,7.807348325899763,8.708136437259444
X,7.432505349031318,3.312771014437246,6.846403851077705,6.489057341444658,9.025486560205675
X,6.188358959766387,3.736077464695501,9.66462431284836,6.701438499279193,9.225198244483213
Z,6.20232587195144,2.354401718718469,9.137531599366106,6.071123260933555,6.97526668928398
X,6.49266503545815,2.882447810844845,8.486046909548184,8.504841617083212,5.256317295879991
W,4.289170753805523,4.392901176254956,8.571633178674988,8.924071788145653,7.009381356183697
V,7.614853756662319,4.942652456956759,7.308580719065596,6.406378610384072,8.368781148920448
X,5.384467362014329,5.9933900455717986,9.604972605482878,6.6944256412958945,7.251751928903964
Z,5.224123377122739,5.73245332537423,8.472977136266426,8.605228571840803,8.744815754301992
Z,5.835129673772769,4.570260798140766,8.644905308279082,8.779391393868554,6.784912147343319
X,3.7113468504877476,3.684992213176288,9.308454518936726,7.258882148420431,8.173720705520147
V,4.248275159402358,4.544709458832931,6.370357946710955,6.151867416807223,5.932099024269873
X,6.821151273918667,5.142606472320928,9.035354519333515,6.118175501078458,8.746847183224784
Z,3.872594005663069,2.4733447636935493,5.9762030147824605,7.721849598207031,7.728479844065129
Y,6.214184492598747,3.639619558785153,6.7267097612244395,7.1786853266795365,6.020321942733003
W,4.604070993565944,5.359209142542468,6.678052271349213,6.085957282732964,6.459555867489036
Z,5.251830263188895,3.535331807732176,9.892627341945703,7.7497571769376705,8.743043542909161
X,4.799121815468149,4.287489084908746,9.282686118739633,6.033907609767067,7.4130061783076036
W,5.100527224092271,4.351077443448792,8.505849307951298,8.362115874447818,6.080157201965362
X,6.735706573329105,2.7379050125345574,8.63528380807695,6.919298468110115,9.836355951851488
X,4.837047720304287,3.4489417666091535,7.810363972012855,6.120774009027697,8.57562509908444
Y,6.048820881336037,3.3380451549677286,9.735453335542594,7.76505666294946,9.785674162698982
W,5.6422268098959485,2.104786834128259,7.481293764411808,7.193053243299164,7.135525226801716
W,6.486520244131917,2.096767055565421,6.902588549349472,8.921401240071448,7.375501703458602
Y,7.715733826961411,5.326788174703093,5.815176684657955,7.632595987511106,9.489776080925097
Z,6.796574437446126,3.0922832398912496,8.93102826130529,6.825717543111025,7.625246701226923
X,4.467231703658405,4.072315064955262,8.672219660377957,8.128316593901925,8.536394559528336
V,3.640324107775781,3.194902294355092,6.921775192620674,6.814476007628134,6.26086438747765
X,4.680188199349213,5.762716980461362,5.125967069796147,8.712729874222696,7.233632343513203
X,6.177850688151146,3.037187035463095,9.194986638590054,7.124165911522129,5.617249329051775
Z,3.7314161606791267,3.7186272509557403,5.0570899172703685,7.649605688328616,6.029900179384809
X,5.733648112405564,5.490921001938407,8.518498898145255,6.151719311472687,5.004717076338156
Y,6.185792820126002,5.367734267167235,9.851285548630285,7.278363713856693,5.196325258243301
Y,5.004097508676324,2.7444056713851093,7.188306640741017,8.497090618982984,9.886419115884646
W,6.969104916856199,5.210573239182842,6.174867024979764,8.416946416090026,6.211768475683812
V,3.979692139101973,3.8327475469515706,8.524355050216908,6.672955676560579,8.316553547520009
X,3.838120017811139,3.931875488341421,9.085640710077925,6.678237213031688,9.195498493998057
X,6.7768494029162145,2.533919889663775,7.732151580389237,8.451915936639711,7.753302296182821
Z,5.729710922927893,2.3224060550284986,9.835176376280732,8.791195260507976,5.7657225004197805
Y,6.597810783924812,4.911757227895061,5.258343608289805,6.28608276381901,8.640582186680831
V,5.456723023716858,3.985844609421199,7.52397799152264,7.350175918278676,8.001257050497916
W,4.608809149575981,3.747402810460718,8.59226973661275,7.012362836892687,8.656252946736876
Y,7.185960429533899,4.9180329146095865,9.313202355745894,8.612065366372319,8.848733114285436
W,7.097371455360406,5.062051595964439,5.89627805953895,6.2505747440400565,9.877051838423725
Z,6.62613411884492,2.6356326706774142,9.000017408818408,6.633377827674112,7.86781640013355
Z,4.724653117534832,4.440900597910565,7.763535378592726,8.257405012759483,6.708205563453009
X,6.1560380009108915,2.541416329110742,6.982768409949816,6.153881546943647,8.242322784501185
V,5.1243825362301205,5.005500344116182,5.658575142895468,7.477606142142868,5.34220354621313
W,3.912119329969854,4.6278206250685585,9.326478794544563,7.32632110403916,9.48698659160793
Y,7.627911089580093,5.826458484333832,5.786366040898577,7.003203536966246,5.596905056690984
Z,4.115683839135326,2.2758320654256847,6.548939296045496,7.183716945956771,6.639214189429091
X,7.776068092193611,2.2282188846050173,6.450227659812184,7.589821760790699,9.078726903130605
X,5.507025978310801,3.1287482987728006,9.357070170954271,6.48410207516515,7.986561891653559
W,4.333098179773788,3.046822734943624,8.36351497104449,7.715987634850778,6.968177601387211
Z,5.938554263202612,2.9879151962879993,8.983406985956861,8.416296987899958,7.367178296875107
V,7.428256261443837,5.625018322084147,6.252339493962495,8.280482789370478,9.272736966010902
Z,6.795011988843026,2.9981847993980244,8.124370498034995,6.4616997140813215,6.70002193029946
W,7.129525165376524,3.087798904514524,7.858729915718744,6.447748409224422,9.348248424060856
W,6.464525150198228,5.037593049671855,9.164151883941354,6.8045231032347395,5.440672154883457
Z,6.615244540330336,3.79895936980216,9.530435302406303,7.083224179023111,8.883992186043153
W,7.321380432043936,5.106842227820724,5.060783857386934,7.225366744225448,9.237738165273683
Z,4.623506039866337,2.261464630257541,8.370099595293963,8.039091650500037,5.9090882641866935
Y,5.702412336394132,3.9502847746935372,5.259178995598645,6.170041296497506,7.151732661861002
Z,4.4954424881882105,2.1344544007331305,7.74429332538678,6.104018112678199,5.827498873318278
Z,7.944506035984912,2.250612813821418,6.438163645218391,7.175731688831727,8.533020644971089
W,7.74826702858976,5.625749813377643,6.533882997610706,8.091491076413941,7.676738840308284
W,3.6774206511582763,2.5569814844703807,6.764792517261783,6.5803060288694475,8.176616733541605
X,6.675088276320598,4.129682729100868,8.10646224524805,7.924513443768755,5.982434834781055
X,7.663617428370496,3.644382410402826,6.670249828343846,6.7794844138208985,6.058729310262097
Y,4.312589053073001,3.3893733050353707,8.663495252951403,8.65825832644055,5.207486627549532
X,6.055753537486833,5.59933338274909,7.022636927869348,8.68706983279985,6.6103376759786485
Z,7.619697339146188,2.087293587101958,5.341766001549793,6.89186161284398,7.798723306668375
W,3.652756903636095,4.655158744702357,8.918799212420536,6.689981261889722,9.289674569986644
X,6.63839120261078,5.853577736854202,6.42879162296353,7.233911916198694,8.334637237293403
X,4.838070533176478,4.240672733847368,7.163834397996313,6.721594755540446,7.1769816169987575
Y,7.6597828791943865,5.747289848132367,8.427219416109509,8.017151529875111,9.765600571970689
Y,7.869762103244155,2.209031517144095,6.66228078574356,8.478194053644856,8.59622600287916
Z,7.749199201010453,3.6751732762966456,5.282928280733578,8.019276392733651,9.65082601431275
W,5.633963974958586,3.0406311638482046,6.869605235064068,8.473051341748048,7.637939866360828
Y,7.379191929451911,4.923283859922919,9.722242913471517,7.190976486622422,6.294521373965698
X,7.300472293407816,5.925188361988987,8.20867198649279,6.468950912126583,5.26413343182361
W,4.93595212959465,3.0261202497769912,8.357395743336035,8.213852842192777,8.630424257419254
W,7.230119633678048,4.616698405896297,8.1614107681882,7.081423515424662,5.60651499002767
X,3.666534356219717,2.7923905310389605,5.994960694797184,8.013812475687399,6.513875641359836
Y,6.183214453169239,4.26132101828644,7.0916693205114,6.8119318259452974,7.662354539419487
X,4.535039767794664,3.855729946753345,8.754698991816591,6.243688904420018,7.822082938898738
W,4.042550985997755,5.888021318526148,5.506864487765796,8.97774538646329,8.00291598493568
V,3.846289407331441,4.434109090785866,6.389263880448562,6.4686045237917975,5.831276651748503
V,6.633299491451629,3.398025488347275,6.3815955423292685,8.965262981890444,6.898687024108243
Z,5.029437336956297,2.4563831395517335,7.16009463797253,8.931839797699341,8.085971135584833
X,6.761450471879426,2.6049873149397382,9.901843704710926,8.38145431172412,9.849094323168924
X,3.7941035335952407,2.9012677198049404,5.33751273341911,7.978268886245993,8.638155688498443
Z,4.918806520237746,3.003866645361192,7.593504971902975,7.733421150753254,9.613018785469789
Z,5.927710815689018,5.402464231364551,5.896823410061052,8.598304636133504,8.811060291570886
Z,7.058254241775336,4.2448911531301,9.853382727048722,6.8683185648584635,7.958584844462003
W,4.934386263194314,4.093563645497466,5.566517523637321,7.403043637454632,5.960116845681723
X,6.316511193966541,2.45907548747687,7.018005011807956,7.858169908099506,8.333428259462565
W,7.486899867062842,5.44055877339774,8.68942492417303,7.2335714276084735,8.116897829799536
Z,6.271384346820371,4.891257212833935,8.522772140137226,7.282459362270804,8.012345852286332
X,4.548317636391352,2.2706734476000063,7.1136431844696615,6.9908540025062536,7.448929339941204
W,3.609803517004421,4.831340388919075,6.732620839763591,7.692695450053608,7.643283019946378
W,7.415444932554184,4.174152869370584,6.988061892764353,8.551723584045348,6.672212635590521
Z,3.595712348826742,2.326901382987113,6.321381315793197,6.604585134018938,7.596563463211516
X,7.4361575270788975,3.833202566114626,6.0266646935339985,8.803299116260323,5.987779528392391
Z,5.880217103122454,3.938785148520188,7.41519848779445,8.067262961244689,9.025871986801885
X,7.725804643308033,2.663098160653103,6.342668780338037,8.46981963804009,5.9288847734935395
V,7.094524560981494,5.782792588001129,6.437308324486251,7.668572077890035,5.424831449447332
Y,7.990703497400019,5.399901485922648,8.283780317372784,8.33855010427219,7.181230131785787
Y,5.078203169532696,4.676089349316433,9.84268665849946,6.048601192018402,8.29153719753031
Y,6.9523473001900715,3.849182244002429,8.018186002796876,8.455141274338605,7.188584124667707
Z,5.3086891112415895,3.647062166338034,5.3848973353248315,6.120416577256099,6.383770659756543
V,5.65944029136759,4.603893868603817,5.3779180692703346,8.669740129088588,7.790855919452204
X,6.323774584482665,4.181727477627621,9.75711610422783,8.97588824171593,6.735011677060999
W,7.431547013838524,2.2490924235275425,6.486453951536668,6.8822023865303334,9.664338450633165
X,7.928375611396828,4.050010595081327,5.460334930412377,6.630955668857381,9.61322569801786
W,6.957230362390332,5.225614468931358,7.995222935751908,8.296090091574122,7.5118590998604775
X,5.379950519753002,3.8369595103878322,8.11824389145133,6.759079022760759,6.639419970091293
V,5.396106510246816,2.2078263102170737,8.24252410059344,8.59668714951661,8.685662069783195
W,6.819120357150012,5.145112797536132,6.337010139287706,6.30852777647243,5.183564717415333
Z,4.57449715595736,2.8054551285438976,5.075553421072375,6.377865589138075,7.373845030218256
X,3.997133509091276,3.034483339552155,9.82507684727236,8.937454665301846,6.6816169713516675
X,5.095799709383495,2.6588254137291836,6.254465228455512,8.021516694810014,9.602679425512774
W,4.792575462443368,3.32086025948599,8.380131440262737,8.54066167328686,5.060015136363413
Z,4.833386542051955,5.02700602275454,8.533149349393547,6.972988132054554,7.764074378591745
Z,4.5512348797245945,4.077543438015749,8.050037085397427,8.029451248561813,8.70331790533313
V,3.6894193533636286,2.8195250966028502,6.564536971068241,7.782725481925792,7.425089937620206
Z,3.5804327063003623,5.511320312608163,6.355481268820329,7.8094503603688405,5.427015150813609
Z,7.944750753812142,5.518327419806116,7.988341413513515,8.047597378613165,9.862306950139512
Z,5.424979101811381,5.482313700184028,9.330478168058457,7.726077519387296,7.590052156880489
Y,5.229469912218567,2.955184845526157,9.733668644616978,7.287187107907998,8.070931221595057
V,6.558412772118814,3.8049573767239524,5.529529022018788,6.82776808314164,6.183048913537537
X,4.482142495392789,5.9399586245635,5.7741430629886,8.305743992739606,7.4174904255340195
W,7.774825327776014,5.088049905239961,9.723681293915398,6.678817290009558,7.145747459791609
X,7.038552564869985,2.1086696849022393,8.682676141673962,8.077062918463243,5.374479210009919
V,3.902349510405168,2.260818365041968,9.414969124148865,6.69999846794798,5.530801767737336
W,5.379113491032178,3.855725507249331,6.013163170676716,7.875990509863362,9.187362598093873
V,7.456032384029741,5.636880823446241,7.937929355547009,8.241234801387087,6.199099761032951
Z,7.7512941003113465,4.154807191810857,8.505697972087368,6.656141666719618,5.974791357493153
W,5.603306800624414,3.991250032137161,8.400559427234864,6.179829902583925,7.524557256250697
Z,6.260351251448185,2.4218947998265223,7.04075845433349,6.392921228982522,8.843735656812566
X,4.251652757414338,4.627120418897176,5.076974458456542,7.817990901813077,5.30973259289494
X,7.960258817616395,5.2884126424009015,7.914630284021316,8.548339218677206,7.884039598191279
W,4.542522656225495,3.5216800300302493,6.265507695898044,6.1349904637062735,5.596052214202867
W,7.742292983608065,5.10244740370131,7.251271230714451,8.202453777124939,5.182305254128092
V,6.423409920465658,5.857906615603246,9.787905075419086,7.023955937850157,5.263719760811087
V,6.234815576954865,2.8150658365107564,6.995176588212173,7.435585109758568,9.170820541042207
Z,5.807098299574289,4.093318524778965,9.199008033322134,8.786578649536697,5.589862418140308
W,4.5380141527299145,3.148551832338302,5.942703028746256,6.995914514207536,5.225756822061459
X,4.294376144024787,5.171417676135357,8.362302490125144,7.396010801818458,7.189499435714561
V,4.492187940815789,4.3103734635246305,9.885034772194718,6.041047244282043,9.219967359710123
V,4.338972179649145,4.538329670201215,5.509465504364684,6.244796160014515,6.312041882446509
X,7.00813013105039,5.191656638463576,5.0415997111359605,6.775774773404352,7.108563087629582
V,5.075563666250286,3.5838818906498195,7.1679139631630715,6.083556722463223,5.1996126628187564
Z,3.7602920445352837,5.660360273628173,5.463127415256836,7.8941259781447535,7.24539257067438
W,7.860961835633651,4.13211546898456,8.741921748381156,7.279195070404867,7.888065403185669
X,7.477036482335416,2.631819291341392,9.572743319242795,7.644435608184066,7.854535268760724
W,7.674885274378458,4.78359647267521,7.170104863543794,6.523941557688989,6.662133460871826
V,7.977085201908959,5.173045401753018,6.293558210777205,6.887796088309848,6.577665903315678
V,4.2825286214876925,3.2670467082701067,7.172016595033049,7.991473424558175,5.533118094682989
X,5.283089085061965,5.428717027995011,8.617239089250006,8.8959081708912,6.8339916032313415
Z,6.9120731406684115,5.624573019063066,5.045270807901855,6.151250320806628,5.497473344364823
Y,6.632092781242065,3.1076179495112357,7.947269947423486,8.671152962565799,8.832979723560257
X,4.192531578529348,5.934085890860889,8.066458424436895,7.7306436039336255,9.83137148874093
Y,7.17124906245778,2.5628461121950337,8.188441234479678,7.691758700266871,9.850372283333535
Y,4.509982573264973,2.80806267360996,6.210110399904386,7.500835605623281,9.32535549687697
Z,4.507179266701804,2.7368993569521045,8.570263616890633,6.20818225771255,8.003960746698095
Y,5.9163849030203615,5.575958840031482,5.456957431658882,6.269630555208482,8.5043284862194
Y,6.168229706787664,4.6171702092998474,5.996351682334004,7.802736016977258,6.42602901340207
Z,6.1103879352701505,2.6084171328890915,9.38735023327241,7.022875714306675,8.153852100863103
Y,3.9116907682898967,3.761293673473396,8.693615753632832,8.751804199733042,7.278247747199387
Y,7.448573881836712,4.461192100279208,5.068727770056726,7.219771612078417,7.410086698884663
Y,4.695200191649177,2.333856339957533,6.241881301849001,6.429844376107924,8.78888280187579
X,4.082817145772619,5.529665473629355,6.072032414965823,8.144156500506108,6.409591777986258
X,7.499366359410397,5.214414141766141,6.354031640184862,6.8800602643230295,6.590198058472599
X,7.80043174203389,4.0208270943065525,6.2377988513994325,7.57641092206768,9.623208955643182
Z,7.379574277694528,5.868506461036682,5.312631478714229,8.09349835651551,5.281121474254861
V,7.142822336261951,3.671043917100399,7.294702582984102,8.700792333606211,7.428171492066702
Y,6.448588912875598,5.936441276145992,8.663667373930826,8.376573584405028,9.564004002039308
Y,5.9788581677411266,4.671679995214508,8.033658623587183,8.029083203618171,8.051815039090785
Z,3.8914404196013455,4.538685093015766,8.3643583429904,8.03889954718543,7.73203537106066
Y,5.338039458818145,2.66381958118314,5.405745892681196,8.83777393209626,6.248720896146776
X,5.177098326555413,5.527711033218576,9.757453550883936,6.887472292489608,6.716377445322241
V,4.668892026921468,3.7099587516824606,9.192459169215123,6.003336282588562,9.260242079023465
W,6.755390511598632,2.6489336231299174,9.025451592478314,6.815863678194596,7.7960906588422905
Y,5.731440807854469,2.050430079903036,9.114919025208838,6.653674138880232,7.5737109687838995
X,3.8647079715844157,4.23902273455353,9.663552540663806,7.985503755341995,5.497898567700145
W,4.490824408774151,4.109598488490706,7.721269830568488,7.901134799296587,5.080140782275616
V,6.574664436468182,4.877414489476634,6.00141008933813,7.780384148114171,9.818425943435246
W,3.842588867706351,5.561032212071209,8.083918039262706,6.048730329628361,6.884930836434208
X,7.3304311132194595,2.317626338572118,8.714407468339695,8.186334163351942,8.016065310497522
W,5.728159371562884,4.92598596136145,8.689586966770127,6.970591237456475,5.398575365936425
Z,5.662639597969916,2.749647776390329,7.607245120834401,7.995167967019894,8.415571428615234
W,6.165835030967829,5.432708212628656,5.34229359666789,7.66973528550646,9.662833543529803
Y,7.211064346663171,5.276254055446625,6.855564692150639,7.0281927762837215,7.878326264987098
Y,5.065141435559869,4.1631750199421775,9.603833042316786,6.403728801312323,5.630576611877053
Z,6.551072686515786,4.840971194493246,7.9222445487871305,6.283256692981443,7.908607637367384
X,6.04579383798106,3.2574004527349936,7.691659716278567,8.494554999336671,8.831736065523263
Y,4.701627215762396,3.8846715957312585,6.344267571910968,8.755192626244675,7.032082682870094
V,7.453834938598211,5.286547590841886,6.842244599582894,7.949364140292898,9.39918873970734
Y,7.088417097231177,3.8370607886928556,9.476730445765845,6.31030234458145,8.243414766786822
Y,6.463033255962914,3.431193061301767,8.332315237634178,7.206081650664722,9.496244591446013
X,7.327617780924088,3.9768497890011996,8.936935133761665,8.186817600315472,8.117526556236687
W,7.402823904319111,5.312997009748873,7.271727115338276,8.339462652030203,5.656439860024121
Y,6.687633395217657,3.340832189483491,8.15123609728079,6.354655866873266,6.548458555525945
Z,7.266559977636524,2.695046372542975,6.241918043716037,6.000092156536147,6.008974741262285
W,6.638621577511776,4.848056081323123,8.527304151417432,8.136411137641815,9.544132488584312
V,6.560633472921352,5.303912850832328,7.138006668516686,7.069788527958616,8.802000336437413
X,6.283751201968329,2.4025499140941333,7.212727574073728,6.76344399485478,8.38199184455003
V,6.887224878009386,2.959496451023779,8.246611622884409,6.0386924093685765,6.504831598158108
W,4.2137229738188315,2.5678879590439756,9.681403107344632,7.620898220284499,5.920223860251068
W,7.4639184163951775,3.3917656463286665,5.320031733043105,8.553452206277946,8.78225543994456
W,7.423295874853544,3.8014039156216506,9.123716186735038,8.872894938817764,7.370789729395399
V,3.631612773655516,4.995305347853225,6.461915552060965,7.697234851839868,6.128947760753146
W,7.216175377541433,4.6045903395266965,7.219597272531889,7.543383983219682,8.083109890826375
V,4.079914403630504,4.483714269913724,5.109566643875045,6.255169156467724,5.20166926069226
W,5.008034844166138,3.4094997864386176,6.505230389171565,7.6466184046278,6.6308512706412674
Z,6.845787153312235,5.365790212339039,7.513156213150652,7.139937236896184,7.342784972955673
W,4.223419532217386,3.8851486695926583,5.280880386737195,7.821405842650731,5.739791670547029
V,7.18085160853578,5.916419752060618,7.455478646915825,7.16617904362964,9.923272387954198
Y,7.244603800809839,4.536568553182947,9.635553144292135,6.7208973703511,6.045486822948071
W,5.783604801923763,2.505058966258011,5.526966090539026,6.28489582568513,5.651765650216328
Y,3.528736422725751,4.704710248301736,8.822203640377522,6.944755333766687,6.0176743694344825
Z,4.791671599287108,3.300416061726796,7.048355266879963,6.2899345028632565,8.845305665798621
X,6.276171132690839,4.74530878674439,8.27586857262169,6.530690852471952,7.127528296359214
Z,7.915337801123406,2.278564592649623,6.301182989926147,8.962008475738639,7.82707969876269
W,6.343160871575008,2.6995257487038375,5.797461312706791,7.332310670719856,5.105045784931804
Y,4.669116114788719,5.422949035623145,5.802313071356132,7.59561529951505,5.172156542866572
Y,6.353025663948252,2.9087182280940596,5.352459728215723,8.620855586211647,7.229127749135081
V,5.92993420872135,5.348164500971761,5.928233524506215,8.986706701472063,9.083276216008118
Y,7.009304278180146,3.1171043538176417,8.321096924944841,7.748143348034045,9.426194393537827
V,3.981412874721313,4.57152764023483,9.408453059217539,8.437421463132516,5.433532837978201
X,6.924625561259126,4.776602294039324,9.070628427955809,6.980823073010026,7.691815510505114
W,5.935699604042496,4.050619012580212,8.42567154937242,6.9172318723418735,9.566148431396353
V,7.8334640173654755,3.221242706786925,5.552159317055513,7.2081111629836805,6.939863771989431
X,5.038424747174087,2.8505775054843845,6.445937231479749,8.017521788020947,9.147829157141842
Y,6.346798519102767,2.132757418249705,6.549034376612345,8.046575067765296,5.668478271997181
Y,7.694126474795079,3.2157856049628952,6.249784731988106,6.945718303948352,9.676972448338994
X,3.9612937759580564,4.6126511621251325,7.575028298548616,6.399629772409886,8.757116587656514
Y,7.71752819256403,5.753219273793931,7.677769074398363,7.897188769396526,9.706671963934507
X,6.59548575035366,5.484817929052208,6.784429875855551,6.384977586566293,8.383086167762531
V,3.8052667659732737,5.06425910614121,6.76894579368218,7.73547752468799,6.817019659997134
V,4.854336051260673,5.153789373013195,9.142777989530407,8.080266384168926,9.690905862623612
X,6.686774398903767,4.6599396139039815,8.946464241598427,8.101834489183355,6.377833881545892
V,3.8030777066094728,3.041147430264012,6.538979158403729,8.26041633197879,6.660862610308662
V,6.11976707079323,5.628780122823319,9.568942219366296,8.618578264696993,8.504042090008701
V,5.056473756288305,4.682929247623337,9.76407508501253,7.499876975894365,8.82658149762693
Z,6.294119829953647,4.24176252392176,6.6337127101502045,8.190747568588714,9.647017419245769
W,3.7058391521563077,2.4439578768539243,6.772124743965274,7.85751820609751,6.024012045281047
Y,7.421915627685693,3.7882221752257017,7.528170767109794,6.5599198193930475,8.98999017609612
Z,7.880700361298286,3.841433084807705,9.705604062668368,6.077068934608224,8.692730266984817
V,7.8599503487856115,5.45825443809068,9.381597165711558,6.853624157030802,5.3189727812679894
X,6.873433242843161,4.186592880751154,5.5128398129179494,7.329101119012858,6.936115706051035
V,4.085388080587844,3.5216021958816386,6.963653716357081,7.851317833285969,6.413827285300493
W,6.912184381680602,5.907201314042638,7.766855948748859,8.549877991509616,6.5224521217701525
V,3.610641124064607,2.4428823733052627,7.5156623627577,6.588737150118497,9.914734397773504
X,3.5995559818804876,3.6901937132477785,5.969315339684464,6.376649369695431,8.21388706739964
W,4.956245986172935,2.168098700685621,9.294083855840773,8.890439842422982,8.588380788967498
V,5.698894356820996,4.959616483067721,8.384703914984186,6.324133678129221,9.883088186575046
W,6.9668333801350695,5.672306208796602,9.189541874259017,7.435473210321567,6.886008912288194
Y,6.574829194729274,3.1201493182019577,9.293821396747362,7.756691186379905,9.009200842264029
Y,5.506562178695368,5.433366707196484,8.741779268328699,7.624123262722315,7.172654816522477
V,4.731319998267496,3.168872921847591,7.196053006248587,6.258096471098829,9.347668359074898
W,7.9870602507097,5.643080646575661,8.052733775077122,6.171080742010858,5.903287706556516
X,5.417815860061879,5.015847614387136,5.801827030598716,6.316450282383107,9.738430885321398
V,5.53124160948354,5.2196271073657545,8.368227087374539,7.756763051617837,6.093858542054399
Y,4.236307195362511,2.072026222401818,5.8962662786964035,7.633034662902963,6.631102534904658
Y,7.076642969374682,5.851241428296104,8.469747952550783,6.701222376110232,8.780961170533903
V,6.621570016016699,4.906683968281293,6.147990803769844,7.913322425536775,6.968775707827033
W,4.493463257549422,3.2190043815445333,5.5877565007511,8.460202506166947,8.041056883832233
Y,3.870714705271292,5.317578659435387,5.826422450714787,6.124736879539781,7.222867505347143
W,6.562246859336209,3.12608479365972,5.009960676095352,7.494389830644128,8.71184968544891
Y,6.445300464265109,5.491015358264512,8.59369808926765,8.06793123630807,6.141656261843054
Y,4.729667871491942,2.450321561647748,8.662005245291896,6.756935781209061,5.292289936184385
Z,7.778886030126847,4.814743909843183,7.574666749566298,6.923312715879447,6.499646987365331
Y,4.179760513014051,4.162793906579641,5.806814005276919,7.840913708968151,7.371543324342151
X,5.445506604691708,2.3861378807817633,5.417771687553449,8.693805880331212,5.840100260963393
V,7.746271640754195,2.967575313035356,5.095644832186435,8.429773260908698,6.773986448281944
V,5.38877292616755,2.049616145109259,5.828740884826104,7.7493906572987505,6.999915091467843
W,6.3733667644883845,3.8750718618580233,9.454277674915733,8.190665153271748,5.286959218441368
Y,5.289174790832574,3.2050610430400015,6.207684208508409,7.0944674106233965,7.9165362409210225
X,4.733968410569015,4.393429937191035,6.771356636086079,7.922896584296273,9.421717139856437
W,7.927899415819227,3.1889512308344687,5.526727422406666,7.398544773382671,5.7587145647652624
Z,5.342003028417693,3.1996764460279388,6.111806523740851,6.5698084093726825,7.98904006700757
W,7.523446416556105,4.9727727949264136,7.596122853901026,8.105214821631773,8.32369602455423
W,4.534795726509888,2.192571343913414,8.038763415478263,7.669393912046466,7.0966734020964415
Y,4.458971168112875,5.611579980767949,6.226761570831055,7.075864745860774,8.50548793682135
Z,3.640103372980301,5.409055497564726,5.288660796125586,8.734017570235892,7.05365771745506
W,6.432500714191483,4.671218732905626,6.955164345636993,6.062802353480199,7.523186439887175
X,5.158368546756925,4.372886280429537,6.17101685463167,6.947319453748488,5.036765222772135
X,7.389612124278367,5.5692099925586085,6.09776961614901,6.17064419333294,8.458600570673443
V,5.629444580112008,2.741320718114858,9.799314013567276,8.299581948664882,8.306713394723623
Z,7.856870425616248,2.3158766487633144,8.081502429628621,8.106322362341377,5.192004386631723
Z,4.334864820664045,2.9580406796381524,7.784392215860479,6.994056656208951,6.841250536975665
V,7.4088042558002485,5.178313114800761,7.078875517616609,8.02698870662122,9.895159203958336
W,6.994685837562837,2.1386810669059333,7.144721667150721,7.187811678587849,7.1036828128430844
Z,6.969148300898234,4.3312273403339585,7.704525019190404,8.268761374267303,7.509727025659209
X,7.301524526525995,5.98175006476524,8.482149035180537,7.362550988210119,9.549650790798593
X,6.924607959243495,5.422784375350158,8.510730480909148,7.236839183494997,8.586309379328782
Y,6.317991447341369,4.085782756174358,5.858469538527248,8.804189746464903,7.910350655621118
Z,4.090601949570744,2.2545636371465694,7.500563760383135,6.7526372996721005,8.989023406705362
W,3.6463678077106336,5.325494057542839,7.05979047517051,6.361342019989697,9.321831332279867
V,7.643815315170591,4.395914032708842,9.352634831346922,7.753629339778374,7.284440358686334
V,6.274926415343321,2.4597319882382673,8.157094606091881,8.907965436852537,7.375541824659177
W,7.084417809392793,2.375429139293425,7.662520332079909,7.13351764118156,6.930254678259179
Y,5.666850581806475,5.63850727774637,5.576973210894587,6.186110290886345,9.833530700092304
V,4.027886850330775,4.676801051752314,8.028189446617057,7.0179158019287025,8.485831271451751
Z,4.063336064911477,5.317147197267023,5.586019528401167,7.517794962958675,5.416115331040362
Y,6.585043792530371,5.51591560112907,6.68603287782876,6.485769019896641,9.314798116565093
Z,5.436376527047582,4.287089408193289,5.714209824071659,7.974306654169476,7.402799704181341
X,4.402361270151515,4.069785407020165,8.460368235121845,8.993248167030602,5.343769532112438
Y,5.712175460336466,3.7217096412839608,6.031260569180763,7.355218427944331,7.748586275816555
V,3.7889402168381032,3.267786351164477,6.95929686594013,7.064185670190637,7.0858213948785105
Y,6.118871308614795,3.738383843434847,9.478373888093893,7.2021125005034,9.388747024313124
Y,4.71047031995794,5.0955186229206255,6.021581916994851,6.345438535185603,6.019973018046937
Y,7.089015952867347,4.407693724060526,7.539025319793895,8.649820804278672,9.132323047460915
Y,4.896628815156082,5.570093159819384,7.09635830583011,7.244476966564056,7.788443455927263
Z,5.548490670868105,3.773520057516751,5.090620205228649,7.161823234274523,5.273051516067345
X,3.552292429586453,4.428358314875016,8.963790567864063,7.979070818791423,9.859226506627422
W,3.826010995075515,4.525230212367955,5.345229531572999,7.3261002627933705,7.563076220516
Y,5.266221003830082,4.3667886492253025,7.371275104884768,7.944700406423538,6.454384271157912
V,5.659724756227056,4.810535092342065,7.80339147469475,6.184338870392363,7.34703420994629
Y,6.200092466536867,2.949733873499225,8.142132283072936,8.441170031166681,9.289288917587445
V,4.8124816041918645,4.049455110183162,8.443158146539378,8.821511858638207,6.5245156219253175
Z,6.627418487569441,2.4168992112333907,6.266361917613575,7.946296158478158,5.963381982433502
V,7.370550787351421,3.53804531057925,5.049893883292247,8.863697786576433,5.6453562346544075
W,7.009329450020074,3.9506682744850576,8.61721831177456,6.45429694310989,6.489296991951056
X,3.6782847140676074,4.60889703818189,7.678282996737893,7.432248568441061,8.900240435200217
V,5.66228126266023,5.8021242103448145,9.180588516036245,7.805420201836341,7.358131825976308
V,3.972185802881787,4.402604266193423,9.106941814503472,7.7452099422635605,6.1374080184677
X,4.5892025713813736,4.974375664706239,9.216630838939416,7.20438533726713,5.830924998048746
W,7.939981669702159,4.025064237980811,7.425473299897701,7.014253228098784,6.663647382551895
Y,4.14122994305681,4.536416125505325,6.668141979184329,6.380472067651256,9.699621864428543
V,5.744996690531102,2.2837288645350937,8.95779101295685,7.175227351686835,6.715133562950122
X,6.2817008044315354,3.017566323367388,7.256470565146275,6.487982445316455,9.940620379773176
Z,6.661092367448468,3.447412372820555,5.917210982017172,8.203097029476655,7.42615227882678
X,6.018419075691114,3.8899734200260543,9.274870097807373,6.62649280648377,5.8958195914507545
Z,3.5439688133863263,2.182594982009535,9.412799383861737,6.175695915853602,9.455700458967547
W,4.969075887097963,2.5600963902132707,7.33154878070085,7.657098413451703,7.301776865674134
Y,5.829702395231202,3.107257231165223,5.378498636548938,7.785689198158205,8.548356717522623
X,3.89539924615175,5.886130763604203,6.939130449584656,8.615739183841516,9.91855791604576
V,5.0778211904413135,3.325388028412203,9.017688297313017,7.730944837253046,5.25087675159987
W,3.6494139895611495,3.92816423244833,9.508870142731144,7.036442561170337,5.483472798937836
X,3.8536032371975932,2.7843908509535717,6.017363712487979,8.409035644578962,8.60228370731378
V,5.286154742907183,4.443120284303073,5.334868060126357,7.620836679562263,6.409125016477359
X,4.0972208931937715,3.122732862063897,9.386752265664192,6.237840853893575,5.921506984750495
Z,6.053933817177011,2.827970313753707,6.947024694894377,7.69755168093974,5.1968093990986475
X,6.602592361117695,4.066290513783916,7.708804821337816,8.724055636264987,5.109233559931009
X,7.102640145990873,2.0220231966416833,9.840329060253794,7.188937876494662,8.872428015598954
X,4.400676099101645,2.0306561305969013,5.332823639571115,6.8889774056994,5.67216713684775
W,4.253671620165814,2.876275236407431,8.241590037260478,6.43040837105406,7.338603079855755
X,3.9705552815048013,2.1468854500032846,5.370527112874336,6.454336565806072,8.029484075897415
V,6.363936122946365,2.4321030165227655,6.877344642332502,7.298314453025457,7.141759002844231
Z,6.679140769191055,3.3554425973550064,9.019072725967234,7.787039472484588,5.135533261681165
Z,3.642137651715389,5.210342718319252,7.167361163778172,6.241846215508805,8.917507512939544
X,7.712955108096605,4.288194573477203,9.985911769514752,8.818705767075496,5.052566122708267
W,3.7338707764316257,4.050670903825665,7.795296424733011,8.265400852335588,8.80944947188742
W,5.935833508854817,3.1739552928324866,6.605810763179767,7.7598717548509875,9.466522468940614
V,6.690772337529124,5.727014877731266,6.100556629523766,8.485316012816973,7.164199605285861
X,7.419361056857385,3.5880601649487667,6.752602671430809,6.24056027043634,7.677712365488992
Z,6.713391194595925,2.348371067183086,6.862666368797754,7.430516633199373,7.384916963088269
W,7.107776373814064,4.468266064471205,5.343568388619805,7.890279380584991,6.9460430931171935
X,5.027525866442627,2.4553535739064056,6.847870997133866,8.485958718354867,9.437122676851802
W,7.166713011859305,3.3808925712067683,7.321192598696125,8.350408680147803,9.469667553349954
W,3.860516808731038,4.0296477548712355,8.613688761194023,6.831207749140199,6.679081823207673
Z,7.526674952272375,5.496890098740703,8.28364742360804,8.822640508677612,8.07534877007349
Y,5.964165692691813,3.9741863213604747,8.54382827614577,6.373037524292611,9.63453781072932
V,7.177839964831222,4.8090350641266575,5.041818409384286,8.625400855863457,9.810292494706758
V,5.535432280332351,5.9712673559962814,6.0883369979026805,8.912820748813855,7.544795202110238
Z,6.396099628384363,2.5259564795919265,8.308421441999283,6.5314605696678765,7.264124026421634
W,5.868811974212509,3.098926102078078,7.419946840898736,8.166198192611356,6.393471579642629
X,6.792152847898993,3.5783043023905856,5.0265673783417295,6.120856556333996,9.794359365952051
W,3.867334919137653,3.6873127141553255,9.022473212159111,7.216268475417465,5.714071522364337
Z,3.771584377957537,3.644084301062183,8.864047866451687,7.548849897593022,7.899147880238625
V,4.611964553045659,5.63044401022622,7.742095814967813,7.741935677728902,6.412751337593194
W,4.217951060509348,4.856130577867425,5.332316628881361,8.807811744745678,6.395041451738983
V,7.423026049664907,4.431620856362815,8.832575247662923,8.016752061882585,7.024842936880942
X,4.486462943111199,3.2374908714511283,7.918567938656819,7.443833853657711,9.993964679078273
V,7.891393651186091,5.295161536885178,8.909799885789795,8.429025108797667,5.2748315341991105
V,5.016031062969981,5.820242045939956,8.758734961979203,8.851598462863226,7.892709091017657
Y,4.319530620599147,5.284793130200907,9.015010359789185,6.066198446046872,5.412860790176386
Y,7.053643282141156,2.0062604207658916,7.590040332023124,8.947563816768117,5.772604149952595
Y,6.464184989753942,4.545605480733628,5.701622590967575,6.258396417191041,7.1978147088644935
V,5.741880724039126,2.204541525768403,8.355787366898443,8.443160337806283,7.552300656732207
Z,5.999135979219341,3.0304288813348874,8.102368925259853,6.841004257654237,6.2939620418226205
V,6.736408002225187,2.2380988013910867,8.711265935995435,6.396538973261615,6.582285654372081
Z,4.528046335990844,4.4151818117975505,5.849405030253677,7.319566919141504,5.434835101279665
Z,7.9835026222553385,4.746359653970427,5.974875999501446,7.93186973834284,6.516098919221252
Y,7.886569229660524,2.4579505522636205,9.452047586096644,7.142855535070425,9.83279219690272
W,6.426465588561216,3.535355532179918,8.749888992260354,6.163696224848097,9.723536908362409
X,4.397941029181153,3.824946035822168,9.541142443501615,7.79838341897615,6.674391450684925
Y,6.5610270909408115,3.4762120870436664,8.793576605819604,8.707209828332024,7.8542696813938075
Y,3.8248928404062914,2.484100001940772,7.98577652995151,7.149646097841755,9.547976955554722
W,3.637936259926127,3.6757911607499016,8.270663685139368,6.648998332892481,5.030919113204483
X,4.659572998300462,5.004712191233672,9.44563961970005,7.327732037798446,9.053417851687959
V,5.581803305326924,2.284030658133022,7.894033772559703,6.145088133146342,9.741847763944595
V,7.407226274337712,2.320720056327614,8.161956621641938,8.461462753440824,5.456628671667786
Y,6.772260813948386,3.419085167343937,5.782383580018003,8.47902243285056,5.807238430164605
X,6.842179345399915,5.7669028464757,7.369606100580514,7.764001390288885,9.803731513856777
Y,5.414720005016339,4.674290586891656,8.581985559790494,7.059308666815168,7.687700718201731
Z,5.056707466461333,4.71467982669026,6.354713491581827,8.39935009333735,5.070983172358618
Y,5.169674433430712,3.44767996335146,6.011270902622675,7.664061074365101,6.288159993817645
Y,7.94442303681226,4.374643164834154,6.569134041122078,8.477796925650049,7.249718371344298
V,3.680491361356171,2.0405247361109735,6.207503139964167,7.894376377749062,8.464544555123839
V,7.401641732551019,4.544384185638169,6.0745631851819795,8.353216419638391,8.665801890683998
V,6.10403933857577,5.653147790304947,7.124254214340435,7.79568897965328,9.97710756462728
Z,5.473769386353157,4.450293873379277,9.53919256941767,7.2424232046469985,6.437555996918795
V,6.763659471868115,5.49479437386538,7.535298233693592,8.873837579778414,7.691100509342377
X,5.690010236411163,4.895892221864376,5.939601904076615,7.623341474636534,7.666617739298025
W,7.430404571367473,2.482233665614761,5.3848583469043705,7.815268555621615,7.028226297236188
X,7.553158388050663,5.609813229143366,8.480780725689627,6.661462918244248,5.845809469212101
X,5.397744170930549,2.2657753774230995,6.913993822181939,7.876952368281829,9.887282815919214
V,4.745725087557732,4.135869890191055,9.109154732926797,7.714822948448831,9.26658593333293
W,6.16557647867013,2.5685484951738307,8.29755384320385,6.554515193841075,7.491665141471186
W,7.605635055275109,2.0468264429236163,8.981207252706842,6.1787612920594315,8.016227113420149
W,4.4479798505255,3.688137040510556,6.359730197092244,7.813077959144313,6.136305267798312
Z,6.303349626035672,3.180162830616625,8.46179461230529,8.291076808050962,7.718935351958734
V,6.3420209904163425,3.944001975190412,6.320309923468594,7.5702041127660245,8.474850665607379
W,6.799008600868764,4.308799546938204,9.695342397251459,6.680317875958937,7.575835141932944
Z,4.092054583072669,2.1749562892357894,8.181871407666872,7.999565930079105,9.951425852924707
Y,6.721212341069398,2.4920131804949825,6.622559000876711,6.240317179828807,8.056708281238631
Y,7.5906463429953845,4.234569585801701,6.347559311461364,7.3255011144058635,6.854868562960846
Z,4.308573989916089,3.372669412690633,5.954632925358218,6.49010027519526,8.86076013807919
Z,4.568944962157449,4.916693950197792,8.47320479446864,6.55337715317965,5.85231255790821
V,7.871277923187378,4.609166594367759,6.093578064989637,6.606881847474611,6.922579068531332
V,4.314396287192704,5.382417451959627,7.9765163296374455,7.160121171131934,6.734794751887929
Y,7.344732920163106,4.769971306676901,6.323175134626787,6.153450616861193,7.159035475538886
W,5.715250354016156,3.7197243095605925,8.309844723969343,7.193380322787295,8.908899129643633
Y,4.612539834814297,4.69186648957773,9.074698642702696,7.535122341344103,7.420865160817037
W,7.4183745557263014,3.101524697021674,8.890126215723265,7.449882854898975,8.970072251329814
W,5.503873647511995,3.2252539951128507,8.804256654653908,7.148352301209122,7.88244451569933
V,5.816678092683606,5.155940639683173,5.93861202846126,8.517439824212257,6.710347173287777
X,5.116550162298946,3.7856780656063287,5.441924734922593,6.4359800772615126,9.049893718417362
X,6.168278831457173,5.19352136207341,8.494744142436929,7.517090231344122,6.191448352765458
Z,4.235857426632602,5.289689494673114,6.841736068971756,6.186124250869663,6.121914898998977
V,5.259866914932923,5.430249350645135,7.161731132016737,6.2134670366337295,7.522514620274179
W,7.862355450508794,5.666540943364829,5.155745463966955,7.721597549031289,6.3042462298104445
X,4.661600447155074,3.723940882053185,6.297882246375246,7.698055274663463,5.045435174756082
W,6.455314990435815,3.2754672732845553,5.16838201937232,8.634100538533371,8.241487636494007
X,4.963355289011127,4.328794986376455,9.395928863006239,7.67362102698022,7.55546910736199
X,6.980629065589703,3.4846896937505103,6.216983416092653,8.879373061214551,7.227589072465806
X,4.0889314732325746,4.404296667200931,7.786685847865041,6.146084545199789,9.834842573091578
V,7.864194702853451,4.822343450575298,5.1948966033056525,6.294023054342223,7.855995919814569
Y,5.542052936226376,4.7536200739685475,8.33423695652829,6.132197584711144,9.317157888946923
W,4.562227085059088,3.4982115480804854,6.615136728770469,6.55583055100062,5.697251181025801
V,3.830735362985057,2.6674408067950113,9.48959593478833,7.623810332825034,7.846032315647138
V,4.263910572893933,3.72211735384883,9.440590944670179,7.936716544282284,9.339898133654515
V,5.838982768502079,2.570376576327635,6.626453091808739,6.136755473846007,7.91552878639949
V,5.016514293940788,5.560388140735233,9.504804478452339,8.837912669536799,8.590070890635008
V,7.229975146471743,3.3835098429514296,9.980788367493894,8.526496129951143,6.860217839061037
Z,5.438993856478127,2.617838988893295,9.127078320619741,6.8898374464712795,5.462247585185333
W,4.619214226644335,2.1017910396230035,9.224356738776144,6.231562590679404,7.289501475635357
V,6.277152439718135,4.583289545145937,6.24504368054545,6.509661219657172,6.972396954194288
W,6.680497475984506,4.547609269818973,7.8835119942887815,6.380833241264918,9.335300911894738
Z,4.251688585554274,3.3624166663251667,5.336279569836839,6.369851337896841,6.219976511762361
Z,4.254286473297429,2.286847555390604,5.474589684108349,7.555685065997202,9.833671137675541
W,3.6650214212009433,3.638515579580928,9.994463060166453,6.737542327480201,9.790690599022481
X,6.813809067795383,3.2448699802535743,6.633196247129555,7.074419149587433,6.238158215357194
Y,6.487120374298122,4.708482558940037,8.740919560244231,8.968516000152967,6.740259777386602
X,5.635838940874162,4.423116997810761,9.033325265134081,8.052942746776035,9.477778704369424
X,7.298767020361387,3.45837491279016,9.290116355036146,8.846942001141004,9.833111104480537
X,7.1255156882752395,2.8715702170199604,9.988141487010783,6.427669665099347,7.21719551418022
V,6.134094639785385,5.952143864622368,6.207482426284339,7.146418424497708,6.604985228204489
Z,7.407220762309664,3.8160064847844595,5.201754134298499,7.664195409847062,7.63047006625771
X,4.426285445165457,4.753096943120948,7.05595758997293,6.2302741856662145,8.438846031828675
Z,4.0036382872897756,2.562211870313443,5.650403349144735,6.012562330883874,6.367372576874899
W,4.7138732518264534,3.942358798637591,5.112129445810275,8.011303001390752,8.682365873095364
Y,3.756890852401917,2.110146879477862,6.802134135707431,7.925458550404306,5.258286785573205
W,5.890262876004644,4.021820471641799,8.918691255376181,7.2323664299988355,5.246472463822082
W,7.7147256153273265,5.856069628470809,7.8309034561253545,7.468932228096098,6.931438525727726
V,3.6770459330082934,3.536826851943201,6.56388994605177,7.246329001776269,6.767365960303603
Y,4.049494613045121,2.1559840502996463,8.271710027463598,6.0720151345346665,6.578166076835761
W,5.534895627275459,2.123823163677374,6.160090901544054,7.006114818652387,7.45509881334455
W,7.702437578875572,3.551947039787478,5.071907230360425,6.531246766191869,6.6036679115578565
Y,4.922702472395377,2.640099745852776,8.821766932182136,6.295272567304107,5.96128959234046
Y,5.782556639097766,2.0934083853127436,8.118715424320046,8.870161301668048,6.5473477454430045
W,3.6870778657267644,5.024854455800707,8.811513122504799,7.798079175126497,9.874521364051175
Y,4.1675444043294,3.8340920355275627,5.194690083438328,8.185968852709808,7.055567084974243
W,7.939835553314811,3.156979087890618,9.18559813915326,6.946091229798353,7.2235638842916785
W,7.843034133962205,5.600332732065922,8.097631000181517,7.179441388482045,7.8827249497556995
V,3.522229914204843,2.4645558408021024,7.816976753563201,6.71077198169017,9.916703842071133
X,7.783153034404576,5.823675315821276,8.123070240572659,6.2908970128962745,6.208006382178815
W,6.376039720169752,3.2558668695094113,9.322166234341822,6.5370949123247515,8.40641055266217
Z,7.4056323253400995,5.553614689234725,7.934682532794535,8.392542135889457,8.579923467708621
X,5.546329350352366,4.411771505917846,7.904751899440896,8.032637415551328,8.03662208396533
X,5.820182128606627,5.30682943896595,9.95339578532883,7.64078662795643,5.44289169818322
X,5.699809611156141,5.936052652841857,8.78365083534284,7.425269618600304,8.384361379137882
V,6.500889158957469,3.153621751274983,7.211469027255676,8.767302850968374,5.320473555180877
W,4.128430646403408,5.844541941630371,8.536985000164638,6.2182048433360055,7.980713247749485
V,3.6348811544270507,3.5579275796096814,6.946152358458942,6.841802439713748,8.697905886108714
W,4.885684737160359,3.5420476189476893,6.144377312417495,7.049813560712142,6.054849453099752
V,6.67106343231491,3.3615484170180228,7.984259384438797,8.347277436638365,9.20811003771387
V,4.408340534553267,4.16563042939034,9.640910490569757,8.977543860485914,5.151769027665021
Z,6.530445949962128,2.6165801727139484,9.645697600077312,6.722011544271459,9.21906431829153
V,7.864604207482717,4.214845941432045,6.709526390527452,8.622922002411242,7.301645253213826
Y,3.922553221052383,4.166819249640016,7.638387331108475,8.491868281295375,6.0879396996582225
Z,6.526709532013069,5.04760725041948,6.058179492849306,6.6739721929253,5.66889072496984
V,5.49687598687057,5.334599847750342,9.978155547494417,7.197997740597668,9.766535837911864
X,7.406640144698774,3.761765401249696,9.90558953933968,7.229018607877557,5.363327937905783
Y,4.2971740525132365,3.209332997405975,8.247544648537236,8.934662005579675,5.995467099679629
Y,6.61681678501774,3.037339589268378,9.022070298387366,6.542675704136695,6.73911173716523
Y,7.271518803416496,2.7784953468194877,8.5755008064185,8.397473913314347,8.101174244805602
Z,7.750763987633104,2.2305903287960995,7.965791095197341,7.002578142519329,7.724005426380492
V,6.574616127303406,3.3697919153388534,5.266739984944488,8.192611037328481,5.62821746206157
V,5.737286438037923,3.080990768523133,7.273821712763305,7.260033012886988,6.4486399186910734
X,6.280312580905463,5.865669543465629,8.373931510837053,7.7350792893496205,6.19375885543012
X,7.410072430154232,4.230835305000175,8.387658069418423,8.497835319978392,6.067714272451707
Y,6.067743859874733,3.38910815612203,6.865613092111918,8.412496694951653,7.055721682399936
X,3.636741768635766,4.321870403974784,9.708459933290154,8.5992695506191,8.520157262958286
Z,7.6892691297814,2.556786805382782,5.836785161183905,6.178851976033977,6.08726466108618
V,6.602870379642026,3.7761749968088116,7.501797231077803,8.076151659119235,6.833394398514907
Y,6.544310235997609,4.504937285684255,8.454419882754113,6.419962130165288,6.954587134205811
X,4.470538185789727,3.9555913271698055,8.485679029459046,7.247455704055233,9.88228264717705
Z,6.464984616046957,3.607115202617297,8.243194783844078,7.645765245164066,9.773331784395344
Z,5.272389825443713,5.975393555598792,6.376441067259301,7.208218454240493,9.00068791376038
X,6.4305483966867145,5.521259048595708,5.78103284343311,7.558835027409023,6.208294604095926
V,3.9796686363859584,4.493623832637761,8.179701634133554,8.989578926395858,5.340186570458348
X,6.460303870713663,4.277509444729131,7.996510580697189,6.405651941138564,6.584520688603124
Y,7.997361765968,4.482641919298336,5.896780051446205,8.026368136009276,6.333972747169154
X,3.716954174872502,2.805248431289733,8.525695727852817,7.188002899156846,7.529629000731969
Z,7.897283828995928,3.5805509730572744,7.275859958668282,6.3990293967219865,8.888639550338965
X,5.331085823252918,2.1578381315635973,8.338802958015766,6.476210290122928,9.29161469439429
V,7.418390526517666,3.9021841499473067,9.186835398850754,8.84781931873685,9.224320427052543
W,7.02073467826223,4.172098335830652,5.848642142884616,8.638804490135286,6.798377806115338
X,6.051573174440005,2.9109989444128384,5.095724339984184,8.721125881245065,8.436171717303415
V,6.823021441630969,5.8561153886620545,8.895512931978935,8.974598327482159,6.5641709876211
V,7.4533200258560655,5.637818443748968,8.04848712576308,6.624946170025554,5.3045277161759135
Z,5.318631447429649,4.8885729418236235,8.498197848110609,7.066318012092186,8.507826328014712
V,4.971649227034574,4.13354651506145,9.190774874943212,8.0076570897746,5.04913776284894
V,6.504170235036131,5.47987663859074,9.014054674122502,7.451407619581942,7.045912937292442
V,7.135306738735664,2.5226093752938517,9.804600734644122,7.255168600135001,6.6468963465103785
V,6.930283106494771,5.16203917709954,7.679675394260591,7.07343374800678,8.466887692594263
Y,7.090161419863855,2.499283255867393,7.442478163299526,7.781341895830357,8.831227363801894
Y,5.460124916658199,5.176842650197622,7.00943599945365,7.7267802859202455,6.520473179856419
Z,7.180253972787597,3.103070273005428,5.768455214221023,6.48437350219272,9.058135072224268
X,4.0409407491677385,5.508362324072756,7.863036164410112,7.415219512555318,6.469583802524669
V,5.950200940823823,5.776168375301591,6.385062621629894,7.66041532862955,7.231631799932806
X,3.525913972241547,2.5951838776204625,9.606537561064878,7.710860816194171,8.63509263507067
X,4.960636234551217,3.850702420261574,7.915954021385488,6.630321578737055,8.464601146123943
Z,5.149076906921291,5.92394951265074,7.964200902540551,8.22681417675686,9.936842361561
V,5.282777112241649,3.9336297438925865,6.774623304385051,6.075597284463209,6.12580512107966
V,6.62960243010438,5.45419009005818,5.259946759888537,7.064495566629488,8.311589567697911
W,5.248511455716556,4.354926088525279,5.158718826864943,8.3406379456069,8.048409541378888
X,5.519121301801388,3.5013196316784074,7.116675720765988,7.691678763166207,9.575492272450148
X,4.568948588934473,3.143134222103481,5.422826890486189,6.783487297532581,5.781810708224375
Y,5.17963306233203,2.812892364344349,8.034234777700696,8.084859358029142,8.758990817934665
W,4.522713322684181,5.047192765510789,9.404865028198287,7.70217283246822,7.841343081343842
Y,3.829381656957996,3.5461620272921115,9.41457408259361,8.388730828369162,6.373329348939527
Y,6.2155186702162,4.045101848803005,8.295227050661161,8.20507555856947,7.37217457073587
Y,6.506957593497573,3.9693019200047277,6.056159157364656,7.8303237661087035,6.668882985348989
Z,6.287706557043265,4.309116116932525,9.31498415679436,7.464533025932442,7.896567013942304
Z,5.585723197102576,5.462308582498209,9.43046717656604,6.3995463770025705,9.445003054073329
Y,5.209036010806534,5.922957374333718,5.983267924764793,6.783999053656151,7.84652492206101
W,7.385001423073214,3.6303368342952678,8.687130428853386,7.257298418751256,8.15861209163292
X,5.835868033112981,5.310075688425212,6.432597744635615,7.797897861019166,7.593739235573548
W,5.6563184493337895,5.058111178618871,9.01320156176465,7.541123565645915,5.2558275322273795
V,3.6153892961289604,4.294115805822293,9.986189499518012,6.864553577878588,6.164292784380471
Z,5.035615224317704,5.824188574447732,5.1501300266469645,6.019393073369132,7.460008647160414
X,5.210880284536357,2.801898062113611,9.48682932895466,7.488717665702442,6.551176418723523
X,5.294702514036052,2.4370568412384856,8.11315266799329,6.85687796568673,5.908817988805971
V,6.110775661522995,5.415847867821689,9.866913095824106,8.203824902131604,7.520664209592192
V,5.901211460270953,3.756599266534993,7.325047587632138,6.07183879581145,6.614048967239252
Y,6.235572917570501,5.387875416828242,9.236939652856869,7.754483433917373,6.290538215867073
Z,6.941974676939577,5.572360820781659,5.311970342991386,8.824422712518196,7.319927087201904
Z,7.158435824222421,2.2498303744762858,6.6763952503914785,6.523227801334499,5.666421290410866
W,6.731553843019225,5.533859051944242,5.335082688756049,7.414948472251786,9.638728665377037
Y,7.799856631797206,3.7932762214776887,9.876715667395352,6.2742659754514145,9.338510489596196
Y,3.5820466220436273,4.041729956016929,9.084869536359184,7.877045736784058,8.538102928702678
Y,4.381000935575957,4.506370044372841,9.262737106229853,7.651595041788677,5.531069137942281
Y,3.5340329374016397,5.7055304269203475,9.68982615716947,7.222096572638497,8.879386272348466
Z,6.413636213695714,2.076464377719056,5.425517430598926,7.564131064421224,9.039786640545096
Z,7.541137470274941,3.9073738732712684,6.927987962566666,8.68972397540703,8.838823088571688
Y,4.595670334593347,4.750888169722243,5.355174445220011,6.588882906933201,5.569829435596206
W,7.67165545158338,4.890827830792913,6.053965507750143,6.0676935351160415,8.219539785338824
X,3.771203256303024,4.770129726148432,6.146828885188362,8.584994654097303,9.171623978746993
X,7.704962120624814,2.5377405176324874,7.345536055237893,7.731351247163719,7.886767006098339
W,5.082302092578355,3.197582353486725,6.342810837268213,8.671975366385528,8.232036876140445
Y,3.9563937280214745,3.434862101668054,5.504890534088806,7.790835670239518,7.291817397131531
Z,5.686422916338465,5.21774883071802,5.837455445470539,8.430483269879108,7.643536599420263
X,4.655494554742286,3.115039489658212,5.736377817760455,7.289020090065444,5.1718842917586265
V,4.781928058828653,2.8428198554688127,9.865383989561492,8.249579793864807,8.194815109866422
V,4.882804842168289,5.829792076152385,8.796462534592369,8.739124400669567,5.407236064455796
W,7.113616540246985,2.0354531404538756,9.83880732634781,7.716368891166619,7.175072971701117
Y,5.926225745038645,5.991283422727912,7.198702432539543,6.542355451687139,6.46327548833704
X,4.900884646202016,4.7072851954295825,6.391842408313283,6.806392845090595,7.727139751058566
Y,6.246502024899133,5.313877197796469,8.991465986045934,6.5959337306922174,5.667081677616036
X,6.722678034004371,3.1784775853847727,6.631269590205734,6.7405710827871985,8.45821700986659
W,4.726808003300902,2.05726111066824,6.496916868526741,6.919246348053109,8.975057684642351
W,5.360970956864081,4.95147807424612,6.162529961039156,7.665401360259565,5.8167722487157825
V,4.048487420016264,5.336578388002703,5.6483948911211765,7.763974888391498,5.521565436759411
Y,4.315172072906061,4.9619045278140765,6.28231530508383,7.279499241725583,5.727577413936796
V,6.565030342842423,2.5714011492033544,6.776598742369439,7.846262339462506,9.385637809492508
Y,4.316472564630321,5.013711689027876,8.369971040728652,6.244724776834098,7.640946308781781
V,5.863235226501771,5.075691128430564,5.312824211097258,6.26336471117448,7.336304980037513
Z,6.690708177750947,4.63416206268022,6.052534698326715,6.515488381072975,5.533559095511771
Z,3.980946153926347,5.064463731182345,9.045118201458383,7.554232494121035,8.247780033784808
Z,6.0529049883300665,5.383685758710929,5.734609617918854,6.641984036094941,9.33999795947545
Z,4.654532526656137,4.454416456949834,6.7132257326126075,6.849853210477732,9.140929346617265
X,7.8331709385691095,2.3544188558787162,9.3232946092907,7.200938508518982,8.130273544904007
Z,5.675955410239661,3.9505112386688435,5.774626555717213,8.435598372031139,5.376393583258368
W,7.126966473988212,2.3105973386864203,5.41368417809095,6.04158640773858,5.5619851358800645
W,5.976019439703178,3.6301721241297233,7.422689975400054,7.9481364607098675,5.246544935549124
X,3.695356397846686,3.6284259565025105,6.512097556392682,8.006629593122057,6.2873960824623465
Z,6.3491811901731,2.2640393765609663,7.81704182241927,8.395967341069909,5.678307335801889
Z,7.781315039929956,3.3952821358779173,9.019024452417376,8.79825881718094,6.300240201262169
Z,6.2072531906584905,2.4439923951652593,5.685742440763716,6.06041354684787,6.925290278594808
V,7.186349867420556,5.232940840036889,7.9034954227714245,6.461351116539649,9.714913920355677
Y,7.4789290850678345,5.7907521038578835,7.527543801949319,8.658513882167979,8.051880298908461
V,4.526358973770196,2.2892659010317544,5.720393930065998,7.3755556865610465,9.174868928414812
Y,4.45420177958702,5.820460829166805,8.119992427644913,7.69377191680039,8.55175750356166
Z,6.249414449829462,4.09030639734698,6.368202089303859,7.989081611169443,5.5625156526331585
Z,5.349628114130171,3.1982627118154956,7.439171592720062,8.037199813486913,8.679602031869745
V,7.279375862900242,2.307448301104654,5.41136162138531,8.795221209949524,6.375494407795622
V,7.55010405529105,4.002497072281671,7.297920286068115,8.99084825223501,8.195539234973532
Y,5.0903962068622315,5.178062177962994,6.532317340214101,8.160472382792822,6.704809868214943
W,4.565917515385169,4.828345909066792,9.111906055926772,6.861663627615452,9.988361316323296
Y,7.012364818597378,2.200904045855895,5.284893634986841,8.63925720688303,6.31775739748389
V,4.736627159966613,2.291607341471614,7.09303637459165,6.147662743622285,6.395652353871348
V,7.201764433311553,3.6114931305305484,7.2921571206571905,6.6932425586234885,9.653361277811992
X,5.406822141419433,3.181161976191773,8.625030381495593,8.692157152391145,5.123222023181613
V,6.503974546811618,2.9295372922241913,7.871437875451055,6.768574543318065,8.483444939365985
X,3.929908912256007,3.1240179956348544,8.336061685970906,6.661953178865246,8.626631953679391
W,6.307366961044579,5.213930973187539,8.885246428258782,6.414375879420742,9.181892887051998
Y,5.532954554317531,5.716912214527415,9.311014868290943,8.57733527294075,9.872196553192378
Y,6.139738084289633,3.6204107781102657,6.569377483612353,7.50017477757326,9.878009595783261
X,4.256063934851886,5.624444008529988,7.690113526819514,8.024679609162465,5.326383787832319
Y,6.81593185224882,3.285982804991528,9.200540392196,6.717199152225089,9.109196613764514
V,7.382586848944529,3.9057479453751665,9.947255654825282,8.27412126303365,8.231549668286906
Z,4.475329100408491,2.904115991263999,9.447596555218816,8.280016634886294,8.236710671865456
X,3.9307154998407277,4.561904168703376,6.857336313121884,6.9377940747249,5.6417496330734735
Y,3.606373637208514,5.915924460699236,5.975832586093252,7.2320478990308485,8.250935832228267
X,6.388871751994698,4.413972384173515,7.4469626870329435,6.629070832290602,9.912412903006238
X,6.2319231623995135,3.4312563364541955,8.708207259180211,8.929683069968712,9.559092847697235
Z,5.9601383572133155,4.5912697839621135,7.462845353766488,7.936807731175235,7.195653304024253
V,4.543761932521889,2.4916827138615503,7.4159043165683425,8.803631642146547,5.1997398664304715
X,5.259076981574816,5.5546363210615946,9.191152105409003,6.9101566308874,6.811467450001024
Y,6.175143508337779,4.0123358031193455,6.807018895335932,8.345672738990668,9.131951558002775
W,5.735450864866262,3.7973989681585683,9.298973374058228,8.297575931654226,8.50749550732583
X,7.945034840966993,4.343459153814077,7.034024004758618,8.074966955599624,7.296718277969783
X,4.113978886505299,4.49913545115761,6.6411655283916975,8.8969169258004,5.275507675794156
Z,6.6281504932141715,2.287103224906052,7.269949555998495,7.180666008318947,7.134473639116513
V,5.319434456469315,4.730468884893609,8.812234793374342,6.392151970769272,7.345124698589418
W,5.426898267165266,2.9677267212621183,5.630010139319971,8.015126577732183,9.64277766447068
Y,6.729189945461793,4.855810530026359,5.982096079360087,8.187929401431619,8.205430517910797
W,6.6159626809596634,5.290139177536787,9.75722412831546,7.725181720376444,6.558264583273244
Y,7.960651971659847,5.215834030210081,5.877458136906787,6.620453679400189,7.626591322253606
V,4.077774302543563,4.2100038696315565,7.838636589655273,7.513367825008066,5.3302765391108
Y,3.9684934222287485,4.080679569243005,7.896572333309689,6.936569209707388,9.862841178248683
Z,6.759524677079336,2.571503845357647,7.4481223102512235,7.282399584500068,6.80029950965363
Z,6.102741126528841,5.101384601612542,8.223726242884092,7.935655727533992,7.389336774565679
Z,4.733722999519126,3.0856375217868575,6.149133628988093,8.235644228072504,6.776419871184613
Z,3.8573871604504397,3.986781691271786,7.7633113388837405,6.696674072704029,8.412558650581001
W,3.8854621231839372,3.137096371710067,6.860866276234486,7.21597608194086,8.311160791647964
V,7.523858935988533,2.5353134519987726,8.308336298145946,6.807484712974888,8.576611552645678
Y,4.363402961234343,4.518230787566946,5.706117716865747,6.595894841585608,6.340716148059604
Y,4.955172029519844,2.2173281392916153,7.854387084197381,8.350161659987515,6.5783424058203295
Z,4.5199538100214465,4.9945809365048,5.9263517769166185,8.727758083310977,5.626256155481039
Z,5.0974833762437175,3.2703471810444666,6.393215315575182,7.11069655705373,8.277549859230563
X,3.8124072923574204,2.0005387720179413,6.093549001617916,8.2538367731213,5.1989856366782625
V,5.835769059087217,4.044516556948919,5.914188899344086,8.690985868093232,7.988411677617295
W,3.804256536164967,2.1874076341104125,9.128554757803336,8.538372631590695,9.34847942425817
Y,7.101604285200628,3.104678231283598,6.428537838304452,6.548440165617678,9.454160741448167
X,4.5517043685969485,4.827905949822865,9.635618909322247,8.868875644540084,7.2451888018498085
X,5.930053615720298,2.2507584864874635,9.849632626725954,7.130029321288387,7.296518441065369
Y,7.460355894026562,5.357353969424009,7.856302349685487,7.017721983521509,5.384845915040087
W,6.428948160712373,2.0152796906343324,5.715005613328632,6.187293981833341,8.353825127215178
X,5.898310039481009,2.987295476807609,6.872741216897906,7.458520962314649,9.106297101864229
X,4.95950188901919,4.963616224608286,8.98866131674107,6.327040846922786,6.223275273023566
V,4.998508608761891,3.265080598917227,6.836953643485352,6.745619462782278,7.106504408166823
W,6.5126912983918555,2.407569552264054,5.435086091513944,6.950827865301844,9.194196683826352
X,7.973627125495254,3.4409356752017115,7.78392455464094,8.426478970475053,9.38560233831144
W,6.478276354322204,3.081573145538102,9.225604257480175,8.62646595118769,6.21589990132113
Y,6.010025378165112,5.37084760864222,8.979631935717512,6.907398952384409,7.752853172706821
Z,6.7879272960766075,3.2533916703405725,5.875615700651766,8.576094363733722,5.962465753179135
X,5.593425255276731,5.1557298871040285,8.363823072062333,8.571692812109372,5.509393820697783
V,3.7706405417035334,5.567488579242939,6.102521317178235,8.293952851154621,9.555602506959787
Y,6.030335671450594,3.735269678306118,6.091037672760861,6.440085342045545,9.102537521160546
W,7.809313780274211,5.6397725754175685,9.370358866525926,8.070968540702186,8.80017450901587
Y,4.288863240609468,3.5092722158527714,6.248344763701151,8.835072193741706,5.243831594065702
X,6.605022008692996,5.856313665960433,6.316236732590056,8.04762143630147,9.218643963551287
W,4.404201598965754,2.3571580981022917,5.003266953806498,6.994850547323502,7.190220379526918
Z,5.911224580128866,4.748077066012971,9.353345170627588,7.501737952292494,6.7119756164792985
Y,3.935044023410238,3.9752561618277147,8.962974066045675,7.937175130053161,7.732381805126883
X,5.526669213161833,3.5505952218225882,8.13664467545339,7.531711226185511,5.4567662136177795
V,6.902734980028607,4.530847514994404,8.751328819694212,6.35985882519291,8.783232746761994
W,5.064071859075419,4.815428366537325,5.760242837122459,6.936192133956062,7.912175384441479
Y,6.492102760192481,2.0174530786012363,7.291617972937877,8.407188091660897,5.932950484365838
Y,7.079524823553781,2.667812354988795,6.756096936743905,8.584254138286553,5.941160998845228
Z,7.672300187657537,4.852184202537275,5.468882631285083,6.4119000981467105,5.921243257863371
Z,4.555889368349541,4.665541654312825,7.43065242607462,8.857160257196174,5.28501193775967
V,5.296921621141887,5.864190020514709,9.603698251713176,6.986467853545828,7.938992246858424
V,4.185872059986878,5.044151161003132,5.200295595253472,7.98694121619216,9.201740887942542
X,7.966175759712688,5.803090830925353,6.457304567468969,8.255475437870043,5.087491069936943
X,7.671504355659329,4.810162006139228,6.037704681028517,8.43583870391365,5.245023224856368
V,5.929807086262518,3.1922088345577726,6.190733268328481,8.83724910667779,7.863851383434729
V,7.2891498246938955,2.421459689003426,9.542172759396877,6.938758644086468,9.097478426930262
W,5.84431089772419,5.127295453379743,7.340345271171451,8.575519363654664,6.633694452843168
Z,6.306135596012419,4.576596885903664,7.331497064699094,6.395060710308621,6.748071994038611
X,3.901059944522075,2.192744049573185,8.802878212276411,8.115122719060778,7.98173248748388
Z,6.898716892235636,3.4402018636039133,5.772461020024629,8.225933188541958,6.3710644456207355
Z,4.074710676358556,5.827199261937144,7.436326770500254,8.033169723603962,5.133041830388421
V,7.217304336136378,4.001604582840805,7.149926070605298,6.756944208405459,8.67614259050798
W,7.019126394516737,3.7309165440788186,7.98455345273328,8.61912944104561,8.128249564707266
Y,6.689351139843394,3.830798420637176,9.997788516252193,6.506575390111185,7.9037799952782954
W,3.6627217123614297,2.835530896020655,8.847244470410235,6.1609043745624925,8.708420644959116
W,4.864077601753978,3.474828683459181,6.989328515087136,8.152394971835736,8.376154187810187
Z,4.684006564598793,3.4792530239487065,9.137765261370234,7.4264271456982005,6.029409940891606
W,5.120613833621836,2.2094200807498896,5.853541816562401,8.547294059876029,6.762405234716756
X,3.8943923604372737,5.070270514071673,5.152318431544801,7.1501914231747765,5.630550708393125
Z,7.716310203639782,3.666017727615516,6.022241862321366,6.504835765523138,5.649285067089405
X,5.992110083205693,5.288719547265693,6.702057780571298,8.50932657740961,8.380978731782696
Y,4.874859397961106,5.401392004479582,7.552903787297799,7.646728894920215,9.29300053491249
Z,5.286416826834275,2.8479762187946323,8.075645702705998,6.567587377171065,9.813662919305695
Y,5.51241143227176,4.629413928680514,9.55302858607211,8.161151995759337,8.141735587747222
Z,6.202674500122778,3.889127216651927,7.549270047752288,7.533340915468502,5.920506616804785
V,5.82055742463424,5.520626951685941,7.506378223128647,7.812938946720959,5.528251727244654
W,7.637263879464878,2.8629627167058165,5.2512150491149105,7.382695014619745,9.064254857683789
V,5.736335673076236,4.711252801240176,5.174557763281119,8.486126951454018,7.893782381799996
Y,7.964711066704907,4.431008489010891,7.755799809581861,8.48868814704915,8.091425105068598
W,7.331412309852931,3.181205910287331,7.190893066241722,8.128166465473159,8.907310443773547
Z,4.438297314608011,2.5464036146046904,9.195901974901492,6.3162041321893865,8.516386138662257
W,7.687678465897623,4.606559041909106,5.803397923559226,8.516561585712207,9.172291264280483
X,4.023648790484643,4.954389832529323,5.124858310585248,8.01303894159873,5.281069527299392
W,7.178523688210362,3.2625093750534,7.2451938396506295,8.091072498012899,8.737603183732524
X,5.21280482064461,4.579330416089255,6.187392783761288,7.088948521211615,9.254263786610476
W,7.450884442002813,3.580523630446013,5.248071866694187,8.63783866847102,6.430675212291572
X,7.406255105483527,4.852827533130471,8.622991434238145,8.176114800704573,8.202236369966265
Y,7.126664300529296,2.7968610995762124,5.557964999786237,6.3377713995875835,6.570810319184861
V,7.055136963381776,5.5608600105446975,8.041597500038858,7.2233341032184875,9.78985533241227
Z,4.871056125941184,3.149638385862319,6.405248750834446,8.659141085880425,5.167117862177519
W,3.864136773730635,3.4711439510246116,5.86748025177511,6.141590105092137,7.898964219164775
V,5.313410804443226,2.232367808321399,6.898757614596587,8.884249858926148,5.832517735247576
Z,4.280860317439289,2.4460488492851056,9.007228881114768,8.03748770495869,8.561101025885794
Z,6.627279900061078,4.0634476108493125,6.960467884522863,7.89412793293013,5.8794514170933105
X,5.057448769420035,3.070370706911886,8.753848246055279,6.811677769463974,6.176916309491788
Y,7.890245903869617,5.341920902968777,5.627431483995753,6.746375366217531,7.471854055228791
Y,6.384374348053994,2.0587735546198154,8.863857098325395,8.826174658465787,9.57417474998439
V,7.201162536354625,3.5163761946877448,6.184666624533243,6.894817362702368,6.058571860739854
Y,4.096361027338318,3.3493821870763707,8.386965649444363,8.326515890156998,5.721200105590517
W,7.379065170226801,2.077310523670404,7.828907774204982,7.179365394621238,8.794884159270154
Y,7.652407357310275,2.497473596002041,9.645723586058438,6.417762212354112,7.5030976616696545
V,5.691778634685212,3.654570699674541,6.93661258987657,6.032145893086077,9.558925561908858
Y,6.228138219879399,3.9714583377897865,5.330825944172203,7.632772011045752,5.733072785799211
W,6.94164410406348,3.6171589890194764,5.095777427756264,8.927336455646799,8.229639465115197
X,4.286773822671856,4.123750713648375,9.134292804863765,7.107408581427613,6.164395730759075
V,5.761547344085491,4.380526699622726,7.623678188307161,7.071577001979135,5.783802143258196
X,5.293983624975409,2.0396952845113425,8.876220259174747,7.032274853548326,8.417147075786353
X,4.158682964730121,3.8563806378140155,6.172128000057573,7.561631511914575,7.968423099543666
X,5.1539049003118915,5.853996963550353,6.7254187275661685,7.321994650272881,8.774137291811655
Z,3.806775392234721,4.076129120518194,5.1505193610565945,8.639743880181044,6.547312882230912
Z,3.6161535812726915,4.710169069835812,9.80746162287056,7.516562375170471,7.23985828191095
X,4.108248301196703,3.247455431667533,8.339339533504067,7.523273514565706,7.027358381652093
V,7.834018002151282,5.09596551261105,9.666025438796531,6.41511478416167,9.920447319832572
W,5.972882911527576,5.091685927504461,6.327482037145362,8.948218622731158,6.461244783696939
W,7.84619972518949,4.085184190616555,8.057318056128304,6.749918672606489,6.474086191733834
Y,5.446240452485593,5.904055293116855,8.392499841463188,6.220092202378808,6.772741044143037
V,4.903172598883668,2.5022008590506135,6.587748501287942,7.989438746925627,7.822970406451608
Z,5.777638382781099,2.067790659558324,9.240546175078151,7.786099110470618,6.261613721318726
X,5.477802598848095,5.080632847028384,9.735807314501239,7.245436961978237,9.576449701896369
Y,3.9754910791778477,5.228622149459531,9.424275588480022,7.266576701642034,6.3284278243313175
W,6.383718416105928,2.480828916482305,8.695334879696862,8.355191763139294,9.479078657800972
Z,4.472171821293198,3.0623313318344243,6.38732339862477,6.5871379202989475,5.517375318232923
Z,6.288145797040233,2.0702094534665156,6.4080802105281585,8.46075995683467,8.282813511998262
X,6.4259049157916905,3.1732344431222588,9.81680160223019,7.946241341685054,9.534927592191218
W,4.184111839078916,5.092567495674686,5.05142247967846,7.256909321338573,5.843747191991148
V,3.7760733219980067,4.071842110850316,8.580249866210723,7.374085849751606,9.841634800496275
Z,7.013427137307979,3.3923823726731523,8.531230812776311,6.769941621558288,7.264416802077559
X,5.569101906961941,3.486957179625321,8.113447704748987,8.256342998090926,9.728575542205123
V,3.7617370797746412,2.0054145028618726,9.950544230434328,7.538624226915803,8.384100218150234
W,7.9768984272639525,3.1992021102609436,6.559397178818626,6.962563628249531,6.5079343493677575
Z,3.76001252448365,4.585834966551722,6.699859318966241,7.788150347282851,5.941512624585532
V,6.627658529863489,5.896777775265429,5.3946970147327775,8.98720335615397,6.518675231125497
V,7.926555163685361,5.388243307935598,7.213990682718688,7.305786838969661,5.465087046313375
V,4.576310468971665,2.0943798585821165,6.305242631174241,8.762074202335858,5.719339831716649
Z,4.140122159092383,5.594242418699357,6.7169335108882215,7.035050519773698,5.523302201732406
Z,4.04623222740093,5.132793653194504,9.172858951278139,6.164198120774958,7.114717718707789
Y,4.86473816405418,5.121504494283922,9.677422567637478,6.6127263191052865,8.977891881287931
W,3.95470614954791,3.831983036014286,5.928665360025928,7.256085429983052,5.7069177710817005
X,6.614726037623594,3.5920211718180113,6.862544657767329,6.658904785783707,5.6516021658616795
V,3.780313091585282,3.2116629153327705,9.643152810576971,6.000681114654767,8.217144747586653
Y,5.792399576674054,2.262779435817463,5.309042303446113,8.745004613242582,5.985914909840331
X,7.985135842338396,2.9129414539747964,5.4618026405568925,8.531638233692787,5.488050190544958
Y,7.162866212777084,2.9864145399120985,5.813954946031147,8.226876694460842,5.8342428910278885
Z,6.268487472039549,3.9363082788408064,7.976064170634373,6.503443786938086,9.61865697938388
V,4.878141293539753,4.9897776263867755,5.752361355029987,6.361090728629958,9.107356263880954
X,6.307531263312374,3.8952393135917864,9.840381907253668,6.202814248417149,6.77032281177547
X,5.871686587602433,2.2313777977886424,7.233572636292601,8.172087566318764,8.279103836636963
X,5.417375227506671,5.831159203952815,7.507589801750832,8.786423882063655,7.68637836834019
X,4.088196695330898,5.770897276376449,6.233293079027033,7.291607462739111,8.38562131741282
X,7.4897189685821,5.1407581725936335,7.354801262173668,6.357422015988145,8.413355762313797
Y,5.524030919695951,5.965311606256883,8.309568163185057,7.537178462196319,8.143670075299966
V,4.375801303193443,4.177929331201051,8.755885684770213,7.046495722375891,6.3305068426865425
Z,5.154917078947803,5.851073401012824,8.769340413549564,7.124474773049993,5.195032103814091
Z,5.363583886380171,2.302420162467003,7.889455563470442,7.863991872467122,7.2778339099505445
Z,7.223920530050934,3.4627229930454853,9.521798874969285,8.156154339786607,9.45486942345352
Z,6.80126471252631,2.9015250720270633,9.087039236530547,6.331810796619482,7.84748629259288
Y,6.961872021386029,2.78333233653708,8.785240573493127,6.106770692419429,9.16195520850954
W,3.5496406899289124,2.5632117955707043,5.2780276084023034,8.982990908057145,9.95812171480614
V,5.372692991808927,4.489654566263987,5.034389811098246,6.698185046746655,5.818081020691381
X,5.666048682358957,5.125287422989221,6.062236385977364,6.161491574725377,8.45888819570991
W,3.586365245703755,4.313193597681442,8.317617969567262,6.56962598728776,8.371467868500122
Z,4.669159439352654,2.5878508383528387,7.055987444412729,6.116873539045392,9.899777236791392
W,6.9213042040496076,5.244495079733884,7.012031296496559,7.175432683851515,9.928003669764003
V,4.1169936757804955,4.5438188286549135,9.422934441148069,8.407205353353973,8.433393058620648
X,5.9088955915366626,3.552662824507982,9.477814240659193,7.0237333492731615,6.218073959910972
X,4.468408424077569,4.696521182144252,9.54587632026793,7.3325502206351,8.992779190652996
V,3.55454348589752,3.0396199169713314,6.569390382575136,8.026760320702316,5.53514567105519
V,4.585406559197937,3.380768833976842,8.45527906369631,7.526682210209641,8.903496520858143
Z,7.891431897095242,5.66994337252796,6.358165906371848,8.584337058063973,9.550980620723482
X,7.106917003473454,3.1620180226856816,5.953049165372249,8.59810702513727,6.9141669738421765
W,7.818094899444651,3.8799530726317464,5.923162286736846,6.0297320864734605,8.153176474915401
Y,5.695343197668631,5.5605645495840585,6.71053810431797,8.334138919449597,7.150713660484131
Y,3.993812894048766,4.83088540107011,7.1497880988991085,7.3822008007250215,7.188825274940642
V,5.965817700381619,2.248812904658811,9.154745855275342,8.966521623910989,6.5518544455406005
Z,5.544698005519824,2.5892121771158814,5.59945546736356,7.449696227626306,8.810648102251623
Y,7.299606872328272,2.0313663630876673,8.674629236974472,8.960687836164892,9.680882820832526
X,3.9413716135291006,4.523687160916653,7.657274570946527,8.26370808361721,9.703754296172306
V,5.697085116598002,3.7906937016416733,6.4397267133799625,6.745814653839919,5.8739064243746695
W,4.175218991122929,2.537099403609102,7.4640979226641235,7.615184937860873,9.373718248282831
V,4.96104167100527,5.831736484227082,6.499710348885113,8.976406918435748,8.687157207135611
W,6.818106848245098,4.11863889578248,7.9804097761915305,8.57259182325577,6.264187003451447
V,5.642081582159449,2.9675731764515567,7.169219614276221,6.292100681373663,5.3364230646075725
V,5.191497283155962,4.00241428461883,5.822027645394393,8.119115990429988,6.33998633442189
V,5.275143253565159,4.718481330940431,5.5829153727784835,7.036738757612439,9.561041183907628
W,5.567510457826939,2.304956871894258,7.73347841036065,6.020946785641044,8.16589337447886
W,7.0325744472667555,3.098815260191568,9.512065166430517,7.210442907080999,8.605273304489359
V,7.514381100231055,5.227861963535974,6.719788432788428,6.704263265174914,6.2857617555454794
Y,7.799006089267677,3.838659481610645,8.665000536113116,8.456607811561415,8.596940777874101
Z,7.041065238148828,4.18630856812918,8.293306774698834,7.0119918265372965,5.140607531389619
Z,4.919331030866058,3.731264008837877,9.657774571547405,8.482571081861451,6.8766067288650685
Z,6.5966061773894396,2.1755997705720205,9.104905086495705,6.001793816504386,8.133766742711657
W,5.469214058249264,2.6629991192806237,7.833026294527315,6.923457450078358,5.730482827706601
W,4.646017799207231,3.7821665549675636,8.285152491170535,6.723495642923286,9.115017872234674
Y,7.283922107416652,2.8367418616317113,9.491932332920175,6.700702083205833,6.175156494059593
Z,3.6729185703304625,2.199916114638715,6.997593922934674,6.204559859296388,8.261405564092232
Z,7.557928964609406,5.374598656207295,6.633973529288887,6.5613728112315055,7.025985712876649
V,5.5766485908113035,5.924770116656463,5.054055418175982,7.66664870965686,7.980217977388236
W,6.367406645637262,5.172571495986958,9.132755370957321,6.874083218513233,5.537252763144541
Z,6.467092649926022,5.415139686818668,9.004903502016823,7.252184346987444,5.0845639996080365
Y,7.5280298331794135,2.9679085212681815,5.522272590500757,7.130600641041566,9.547822136901505
Y,6.365013569752433,5.842507902052799,7.884286905663501,8.627714774999683,6.348150043835914
Z,6.262701131420278,2.7877028178137135,7.319908490834437,8.715896997031546,9.098385013902295
W,3.799934182523105,5.8057192414473295,5.5935454775455575,7.47887091496758,9.996751502361
Y,5.832836098753418,5.979277175863804,9.902841135303618,6.990467850946813,6.0571562899945555
V,4.175760503676687,4.846891222984195,6.073479437316777,6.320402112007091,6.325853705916778
Y,6.818451959246685,5.924574927167288,5.336170900452806,8.860208638146286,8.314298938173328
X,5.804998643657035,4.278159118268414,7.974236897509548,6.180680834700892,9.827243173003106
X,6.56102500643759,3.0381671327043613,8.694333385665164,6.892950832704841,9.579071740953719
W,3.687528052710729,3.7479835426624835,5.162217230235935,6.894198603510013,7.514377600327924
Z,3.8815640722061144,4.374243741515144,8.293588193635111,6.961203858420645,8.975551412633624
